-- phpMyAdmin SQL Dump
-- version 4.8.0.1
-- https://www.phpmyadmin.net/
--
-- Host: 127.0.0.1
-- Generation Time: Jun 07, 2018 at 07:47 PM
-- Server version: 10.1.32-MariaDB
-- PHP Version: 7.2.5

SET SQL_MODE = "NO_AUTO_VALUE_ON_ZERO";
SET AUTOCOMMIT = 0;
START TRANSACTION;
SET time_zone = "+00:00";


/*!40101 SET @OLD_CHARACTER_SET_CLIENT=@@CHARACTER_SET_CLIENT */;
/*!40101 SET @OLD_CHARACTER_SET_RESULTS=@@CHARACTER_SET_RESULTS */;
/*!40101 SET @OLD_COLLATION_CONNECTION=@@COLLATION_CONNECTION */;
/*!40101 SET NAMES utf8mb4 */;

--
-- Database: `eapi`
--

-- --------------------------------------------------------

--
-- Table structure for table `migrations`
--

CREATE TABLE `migrations` (
  `id` int(10) UNSIGNED NOT NULL,
  `migration` varchar(191) COLLATE utf8mb4_unicode_ci NOT NULL,
  `batch` int(11) NOT NULL
) ENGINE=InnoDB DEFAULT CHARSET=utf8mb4 COLLATE=utf8mb4_unicode_ci;

--
-- Dumping data for table `migrations`
--

INSERT INTO `migrations` (`id`, `migration`, `batch`) VALUES
(1, '2014_10_12_000000_create_users_table', 1),
(2, '2014_10_12_100000_create_password_resets_table', 1),
(3, '2018_06_07_164055_create_products_table', 1);

-- --------------------------------------------------------

--
-- Table structure for table `password_resets`
--

CREATE TABLE `password_resets` (
  `email` varchar(191) COLLATE utf8mb4_unicode_ci NOT NULL,
  `token` varchar(191) COLLATE utf8mb4_unicode_ci NOT NULL,
  `created_at` timestamp NULL DEFAULT NULL
) ENGINE=InnoDB DEFAULT CHARSET=utf8mb4 COLLATE=utf8mb4_unicode_ci;

-- --------------------------------------------------------

--
-- Table structure for table `products`
--

CREATE TABLE `products` (
  `id` int(10) UNSIGNED NOT NULL,
  `name` varchar(191) COLLATE utf8mb4_unicode_ci NOT NULL,
  `detail` text COLLATE utf8mb4_unicode_ci NOT NULL,
  `price` int(11) NOT NULL,
  `stock` double NOT NULL,
  `discount` double NOT NULL,
  `created_at` timestamp NULL DEFAULT NULL,
  `updated_at` timestamp NULL DEFAULT NULL
) ENGINE=InnoDB DEFAULT CHARSET=utf8mb4 COLLATE=utf8mb4_unicode_ci;

--
-- Dumping data for table `products`
--

INSERT INTO `products` (`id`, `name`, `detail`, `price`, `stock`, `discount`, `created_at`, `updated_at`) VALUES
(1, 'dolores', 'Repellendus hic soluta est expedita vero. Sit et quibusdam id. Autem quibusdam at totam ullam. Ab molestiae iste fuga saepe.', 269, 6, 24, '2018-06-07 12:14:15', '2018-06-07 12:14:15'),
(2, 'numquam', 'Inventore consequuntur aliquam quos eum iste saepe. Quia dignissimos natus placeat qui quam dicta. Quasi aliquid nesciunt suscipit qui et velit. Laboriosam ut beatae voluptas enim impedit fuga et. Accusantium laboriosam nostrum qui architecto quo.', 596, 9, 19, '2018-06-07 12:14:15', '2018-06-07 12:14:15'),
(3, 'veniam', 'Ut impedit voluptas at distinctio blanditiis sed. Voluptate et consequuntur possimus laboriosam. Est quo et aperiam corrupti dolorem.', 825, 0, 6, '2018-06-07 12:14:15', '2018-06-07 12:14:15'),
(4, 'sunt', 'Laboriosam molestias quia non qui. Ratione quia consequuntur eum enim. Eius est ut voluptatibus est et quasi repellat.', 503, 3, 17, '2018-06-07 12:14:15', '2018-06-07 12:14:15'),
(5, 'eligendi', 'Velit quos sit ipsum qui recusandae fugit libero natus. Qui alias unde natus magni.', 983, 9, 11, '2018-06-07 12:14:15', '2018-06-07 12:14:15'),
(6, 'numquam', 'Expedita aut nesciunt qui aperiam. Excepturi est deleniti deleniti at reprehenderit eum. Quidem quasi quia nesciunt. Mollitia tenetur officiis rerum excepturi.', 869, 0, 26, '2018-06-07 12:14:15', '2018-06-07 12:14:15'),
(7, 'aliquam', 'Velit iusto asperiores laboriosam iusto debitis nihil nisi. Corrupti est et veritatis consequatur. Voluptatibus at quis aut omnis.', 702, 8, 19, '2018-06-07 12:14:15', '2018-06-07 12:14:15'),
(8, 'voluptate', 'Sit aut non cum dolore aliquid blanditiis praesentium. Quasi rerum est sit alias assumenda eos optio minima.', 133, 8, 16, '2018-06-07 12:14:15', '2018-06-07 12:14:15'),
(9, 'eum', 'Incidunt ipsam ut nulla dolores. Sit quia qui doloremque ea. Quasi dolor eius illum delectus quos.', 492, 3, 12, '2018-06-07 12:14:15', '2018-06-07 12:14:15'),
(10, 'sint', 'Ut quia et omnis consectetur ut consequatur vero. Molestiae necessitatibus molestiae molestiae qui distinctio quia. Ut eos maxime omnis tempore sunt quas perspiciatis. Est reiciendis occaecati laboriosam eos.', 409, 2, 26, '2018-06-07 12:14:15', '2018-06-07 12:14:15'),
(11, 'et', 'Enim dolore sunt et eum id. Qui ratione quia dolorem dolorem. Impedit id illo quo itaque molestiae.', 903, 5, 24, '2018-06-07 12:14:15', '2018-06-07 12:14:15'),
(12, 'rerum', 'Ut odit earum dicta quasi aut voluptatem. Quia laborum aut assumenda ipsam enim reiciendis. Eum id maxime non. Doloremque quasi nam velit aut.', 725, 1, 9, '2018-06-07 12:14:15', '2018-06-07 12:14:15'),
(13, 'dolorum', 'Quasi pariatur adipisci et voluptatem error. Ducimus et molestiae aut dicta. Et aut deserunt dolorem eum qui ut.', 576, 2, 8, '2018-06-07 12:14:15', '2018-06-07 12:14:15'),
(14, 'rerum', 'Excepturi corporis consectetur optio. Expedita possimus adipisci facilis sunt totam in repellendus incidunt. Saepe voluptas porro qui qui ea omnis. Quia qui ea enim possimus ut enim ut.', 690, 4, 12, '2018-06-07 12:14:15', '2018-06-07 12:14:15'),
(15, 'perspiciatis', 'Aut vel sed aut quos. Laborum quo eveniet mollitia id. Provident non similique ut iure dolores in quia. Voluptas labore numquam aliquam dolorum velit. Dolore porro non libero animi.', 978, 2, 30, '2018-06-07 12:14:15', '2018-06-07 12:14:15'),
(16, 'voluptas', 'Velit aut et dolores quo hic. Quod quia saepe et. Ipsa vitae fuga vitae eum quaerat. Reprehenderit velit est exercitationem ea impedit ad.', 335, 9, 9, '2018-06-07 12:14:15', '2018-06-07 12:14:15'),
(17, 'quasi', 'Qui qui quidem accusantium a impedit. Consequatur quia voluptatum sit. Omnis rem dignissimos provident perspiciatis omnis et.', 348, 7, 13, '2018-06-07 12:14:15', '2018-06-07 12:14:15'),
(18, 'vero', 'Rerum quam itaque saepe reprehenderit et hic ratione rerum. Rem quia sapiente est et sed molestiae reprehenderit quo. Recusandae ut libero illo.', 506, 2, 14, '2018-06-07 12:14:15', '2018-06-07 12:14:15'),
(19, 'nisi', 'Ipsa quo saepe voluptatem non. Non esse placeat deleniti qui quos voluptatum. Velit ut recusandae modi labore ut. Possimus reprehenderit ipsum ut perferendis soluta dolores sit.', 788, 0, 29, '2018-06-07 12:14:15', '2018-06-07 12:14:15'),
(20, 'hic', 'Et harum et impedit quia in quos. In sed quo minima ducimus ad qui voluptates rerum. Qui velit necessitatibus quidem rerum odio ut molestiae.', 371, 8, 13, '2018-06-07 12:14:15', '2018-06-07 12:14:15'),
(21, 'non', 'Officia aliquid est neque soluta necessitatibus necessitatibus ratione. A quia optio perspiciatis ut velit laudantium exercitationem. Ea tempora totam laboriosam consectetur dolor ut quasi. Est deleniti harum molestias et repellat corporis aut sit.', 160, 5, 26, '2018-06-07 12:14:15', '2018-06-07 12:14:15'),
(22, 'et', 'Amet eius praesentium placeat autem eligendi et quia. Voluptate hic aut est voluptates expedita. Autem deleniti perferendis aut.', 894, 7, 10, '2018-06-07 12:14:15', '2018-06-07 12:14:15'),
(23, 'illo', 'At in consectetur et exercitationem tempore ut. Et minus voluptatum similique aspernatur. Eos sed sit placeat quaerat beatae.', 930, 6, 22, '2018-06-07 12:14:16', '2018-06-07 12:14:16'),
(24, 'quae', 'Illum fugiat explicabo illum praesentium quia. Sit veniam a sed nihil fugit eligendi. Adipisci nisi sit et ratione dolore.', 517, 9, 11, '2018-06-07 12:14:16', '2018-06-07 12:14:16'),
(25, 'adipisci', 'Sapiente facilis ratione rem dolores. Eius fugiat tempora ea autem magnam non excepturi. Atque voluptas dignissimos qui nulla repellendus. Quod modi recusandae exercitationem est.', 286, 7, 17, '2018-06-07 12:14:16', '2018-06-07 12:14:16'),
(26, 'ad', 'Et repellendus iste et totam et. Natus iure eum corrupti qui vero mollitia. Sed est ea tempore ut ratione consequatur ipsa corporis.', 620, 1, 19, '2018-06-07 12:14:16', '2018-06-07 12:14:16'),
(27, 'autem', 'Atque at voluptas possimus. Nobis ipsum enim ipsum sit eum esse. Vel autem voluptas culpa in incidunt.', 199, 0, 20, '2018-06-07 12:14:16', '2018-06-07 12:14:16'),
(28, 'tenetur', 'Unde et dolorem provident rerum aut in iusto eum. Repudiandae rem nisi officia consequatur. Autem ducimus numquam illo saepe cum ut ea earum. Excepturi corporis praesentium ut qui labore.', 769, 6, 30, '2018-06-07 12:14:16', '2018-06-07 12:14:16'),
(29, 'accusantium', 'Quis eum sunt ut illum laudantium vel. Ut eum quia pariatur nihil. Et cupiditate quibusdam tempore quis qui aut. Eius error et aut adipisci optio est sed.', 471, 0, 4, '2018-06-07 12:14:16', '2018-06-07 12:14:16'),
(30, 'fuga', 'Officia et deleniti ut illum soluta delectus praesentium a. Occaecati in quae et fuga officia in.', 649, 3, 3, '2018-06-07 12:14:16', '2018-06-07 12:14:16'),
(31, 'et', 'Aliquam nemo reprehenderit dolor perspiciatis voluptates id. Ut eius ipsam a culpa. Aspernatur neque nobis illum velit quisquam facere veniam.', 899, 1, 2, '2018-06-07 12:14:16', '2018-06-07 12:14:16'),
(32, 'aliquid', 'Qui temporibus expedita aperiam ea ad qui labore. Voluptates omnis et sint optio. Harum est et error voluptatem omnis asperiores.', 331, 6, 8, '2018-06-07 12:14:16', '2018-06-07 12:14:16'),
(33, 'quasi', 'Veritatis nemo doloribus dignissimos tenetur qui. Eos possimus eius quis qui soluta. Sunt et sit suscipit quia similique. Hic recusandae hic voluptatem nesciunt voluptatem commodi harum. Nobis magni ut nihil qui laborum.', 199, 7, 17, '2018-06-07 12:14:16', '2018-06-07 12:14:16'),
(34, 'voluptates', 'Nobis sint libero quia nihil mollitia voluptates. Accusantium quidem aut ducimus aut. Corporis reiciendis id nisi optio voluptas quo adipisci. Cum ea voluptates illo quidem.', 237, 5, 23, '2018-06-07 12:14:16', '2018-06-07 12:14:16'),
(35, 'commodi', 'Necessitatibus ad et eos optio adipisci. Qui quas tenetur veniam ipsa dolor. Est repellat porro maxime reprehenderit doloremque corrupti asperiores.', 993, 1, 9, '2018-06-07 12:14:16', '2018-06-07 12:14:16'),
(36, 'provident', 'Voluptate nobis totam odio sit nam. Et voluptatibus optio consequuntur excepturi odit sunt et.', 924, 2, 5, '2018-06-07 12:14:16', '2018-06-07 12:14:16'),
(37, 'facilis', 'Culpa omnis voluptas omnis voluptatibus officia. Et at dolorum temporibus sint inventore reiciendis. Nostrum numquam perferendis molestiae eum maxime et.', 224, 4, 23, '2018-06-07 12:14:16', '2018-06-07 12:14:16'),
(38, 'odit', 'Porro sed numquam fugiat doloribus earum ut. Blanditiis sunt dicta animi omnis voluptates qui. Sit reprehenderit cumque sint commodi.', 790, 0, 2, '2018-06-07 12:14:16', '2018-06-07 12:14:16'),
(39, 'non', 'Id aliquid necessitatibus inventore consequatur facilis. Ut veniam temporibus ut aut. Nemo et quibusdam blanditiis in voluptatem. Enim dicta aut voluptatem rem nesciunt magnam sed itaque.', 859, 5, 20, '2018-06-07 12:14:16', '2018-06-07 12:14:16'),
(40, 'sed', 'Voluptates et aut fuga et aut. Ex aliquam ut distinctio cupiditate. Sapiente iusto enim iste quae quas aut temporibus.', 170, 3, 18, '2018-06-07 12:14:16', '2018-06-07 12:14:16'),
(41, 'quae', 'Voluptatem repellat repellendus cum cumque labore sit. Accusamus quae quia voluptas voluptates iste voluptas. Saepe officiis repellat et rerum maxime id at. Ipsum placeat et sapiente doloremque commodi et ipsa.', 152, 8, 10, '2018-06-07 12:14:16', '2018-06-07 12:14:16'),
(42, 'odio', 'Explicabo culpa libero porro. Maxime tenetur incidunt architecto nam voluptatum ducimus. Eum repudiandae provident accusamus reiciendis. Numquam earum mollitia amet est. Tenetur sint ea minima eius quo.', 883, 1, 11, '2018-06-07 12:14:16', '2018-06-07 12:14:16'),
(43, 'explicabo', 'Omnis voluptas aspernatur ut accusantium. Voluptas qui perspiciatis vel delectus. Ipsam soluta sint voluptates in impedit itaque provident. Suscipit quos similique molestiae et ea sit cupiditate.', 511, 5, 2, '2018-06-07 12:14:16', '2018-06-07 12:14:16'),
(44, 'dolores', 'Vel harum magni neque qui eligendi. Aut veritatis ex officiis architecto et quia assumenda.', 754, 8, 25, '2018-06-07 12:14:16', '2018-06-07 12:14:16'),
(45, 'et', 'Aperiam optio repudiandae cumque beatae nemo rem. Iste aperiam at nihil tenetur rerum blanditiis veniam. Qui impedit reiciendis quam sed harum et minima.', 796, 5, 6, '2018-06-07 12:14:16', '2018-06-07 12:14:16'),
(46, 'fugiat', 'Ea ad molestiae iure consequuntur voluptatem ullam qui. Distinctio autem ut nemo. Adipisci autem enim et ratione enim illo. Magni iusto est iusto et cupiditate inventore nemo. Vitae nulla cumque sint laudantium voluptatum ducimus.', 415, 7, 4, '2018-06-07 12:14:16', '2018-06-07 12:14:16'),
(47, 'vel', 'Dolores velit qui aut. Eaque tempore omnis amet quo quis. Qui explicabo sint nulla id aspernatur ut voluptatem.', 345, 7, 30, '2018-06-07 12:14:16', '2018-06-07 12:14:16'),
(48, 'perferendis', 'Numquam similique odit non illo fugiat sequi. Omnis in laborum rerum nihil accusantium. Et ab perferendis atque quibusdam mollitia repudiandae.', 544, 5, 14, '2018-06-07 12:14:16', '2018-06-07 12:14:16'),
(49, 'est', 'Eum ab id commodi non. Ut in libero nulla autem sit iusto sint. Voluptatem sit qui quo non sunt quo.', 280, 3, 21, '2018-06-07 12:14:16', '2018-06-07 12:14:16'),
(50, 'velit', 'Neque aut neque voluptatem quasi. Expedita voluptas sit quis qui. Voluptates mollitia expedita vero est est.', 958, 9, 13, '2018-06-07 12:14:16', '2018-06-07 12:14:16');

-- --------------------------------------------------------

--
-- Table structure for table `reviews`
--

CREATE TABLE `reviews` (
  `id` int(10) UNSIGNED NOT NULL,
  `customer` varchar(191) COLLATE utf8mb4_unicode_ci NOT NULL,
  `review` text COLLATE utf8mb4_unicode_ci NOT NULL,
  `star` int(11) NOT NULL,
  `created_at` timestamp NULL DEFAULT NULL,
  `updated_at` timestamp NULL DEFAULT NULL,
  `product_id` int(11) NOT NULL
) ENGINE=InnoDB DEFAULT CHARSET=utf8mb4 COLLATE=utf8mb4_unicode_ci;

--
-- Dumping data for table `reviews`
--

INSERT INTO `reviews` (`id`, `customer`, `review`, `star`, `created_at`, `updated_at`, `product_id`) VALUES
(1, 'Kevin Wiza', 'Quibusdam quia temporibus quis quasi dolores illo. Odio nisi velit dignissimos deleniti rerum. Eos ea et quibusdam rem aut.', 4, '2018-06-07 12:14:18', '2018-06-07 12:14:18', 14),
(2, 'Dameon Rice', 'Aliquam illo et et non corporis. In excepturi est odio aliquam et voluptatem. Voluptatem corrupti possimus eos eum consectetur.', 4, '2018-06-07 12:14:18', '2018-06-07 12:14:18', 41),
(3, 'Prof. Alfred Murphy PhD', 'Ea saepe sit aperiam temporibus deserunt quo. Blanditiis consequatur qui voluptas omnis rerum qui. Et ut voluptatem velit nulla. Hic similique nulla aspernatur aut est quasi. Nam voluptatem ut adipisci libero quam occaecati illo.', 4, '2018-06-07 12:14:18', '2018-06-07 12:14:18', 10),
(4, 'Zella Walter', 'Velit quis aut est qui ducimus. Vel ipsa et dicta accusamus est laborum non quo. Omnis autem repellat qui reiciendis voluptatem eos. Fugiat consequatur iste enim.', 5, '2018-06-07 12:14:18', '2018-06-07 12:14:18', 40),
(5, 'Jeremie Williamson Sr.', 'Quod voluptate sunt est debitis. Et sit fugit omnis ut. Officia sed et numquam autem voluptatem incidunt. Eaque et nobis officia.', 1, '2018-06-07 12:14:18', '2018-06-07 12:14:18', 17),
(6, 'Jules Dicki', 'Est ut aperiam aut ad sint quos. Accusantium nemo libero doloremque earum dolor est est. Id recusandae voluptate voluptas molestiae in fugit. Magni sit dicta sint fuga quia excepturi. Voluptas quaerat aut pariatur eveniet.', 2, '2018-06-07 12:14:18', '2018-06-07 12:14:18', 20),
(7, 'Nia Wilderman V', 'Et optio facere dolore voluptate id ratione. Aut in quis veniam assumenda nihil voluptatem quia. Pariatur cum aut sed ratione iure laborum debitis fugiat.', 5, '2018-06-07 12:14:18', '2018-06-07 12:14:18', 27),
(8, 'Marques Steuber', 'Impedit dolor alias ut eaque et illum accusantium. Est minus libero nihil accusamus. Accusamus voluptate ut qui.', 2, '2018-06-07 12:14:18', '2018-06-07 12:14:18', 11),
(9, 'Dr. Felipe Gutkowski', 'Aliquam facere deserunt voluptas aspernatur eaque enim. Consequatur odit a nulla. Fugiat ea eum facilis est dolorem quo eius. Officiis ut quam sequi architecto ipsum officia distinctio.', 1, '2018-06-07 12:14:18', '2018-06-07 12:14:18', 2),
(10, 'Joel Powlowski', 'Iure expedita dicta dolores asperiores rerum maiores. Consequatur voluptate quo ut autem nemo voluptate praesentium. Doloribus beatae enim mollitia et et et quidem. Et et nisi inventore debitis officia atque amet.', 3, '2018-06-07 12:14:18', '2018-06-07 12:14:18', 49),
(11, 'Dawson Satterfield', 'Accusamus hic harum qui. Voluptatem voluptatum molestiae dignissimos et repellendus cupiditate et perferendis. Cum at enim provident ut pariatur. Quam numquam iure dolores quia in.', 5, '2018-06-07 12:14:18', '2018-06-07 12:14:18', 10),
(12, 'Dr. Reagan Jacobi V', 'Id necessitatibus consequatur cum. Quos laborum architecto tenetur id corrupti. Maiores magni et beatae consequuntur quidem.', 5, '2018-06-07 12:14:18', '2018-06-07 12:14:18', 20),
(13, 'Emil Terry', 'Sed autem unde esse sit dolorem molestiae. Dolorum repellat placeat ratione a consectetur esse ipsa quasi. Veniam quo et consequuntur in rerum excepturi mollitia.', 3, '2018-06-07 12:14:18', '2018-06-07 12:14:18', 36),
(14, 'Reanna Howe', 'Et est in qui earum ut nihil reprehenderit. Dolores sunt numquam debitis distinctio saepe sapiente sit. Maxime qui voluptates rerum cumque earum.', 4, '2018-06-07 12:14:18', '2018-06-07 12:14:18', 50),
(15, 'Prof. Jerrell Schaefer IV', 'Distinctio vel qui ut fugit aut quisquam dolorum. Ullam quasi recusandae cum aliquid necessitatibus dolores. Consequatur aut sed nobis harum veniam officia voluptas inventore. Ullam ea natus a.', 2, '2018-06-07 12:14:18', '2018-06-07 12:14:18', 6),
(16, 'Seth Krajcik', 'Dolor eveniet voluptatem blanditiis iusto aut dolores. Et eius beatae qui autem soluta velit quia. Architecto culpa distinctio asperiores consectetur aperiam.', 4, '2018-06-07 12:14:18', '2018-06-07 12:14:18', 33),
(17, 'Alexane Williamson', 'Saepe odio voluptas repellendus rerum. Rerum ut amet aut quisquam nemo ipsum. Magnam omnis voluptatibus quisquam est corporis quia rem.', 2, '2018-06-07 12:14:18', '2018-06-07 12:14:18', 25),
(18, 'Ethelyn Boyer', 'Aut qui ut autem voluptas consequuntur libero. Beatae nobis praesentium consequatur repellat sed. Odit molestiae omnis consequatur voluptas. Ab expedita voluptatem modi sed sunt vitae esse.', 5, '2018-06-07 12:14:18', '2018-06-07 12:14:18', 2),
(19, 'Prof. Eileen Armstrong', 'Aut ipsam tempora quis tenetur quibusdam ea aut. Laudantium culpa quia unde tempora vitae provident impedit eum. Dolorem ipsum dolorum consectetur incidunt non itaque nesciunt. Autem a maiores fuga asperiores illum dolores.', 5, '2018-06-07 12:14:18', '2018-06-07 12:14:18', 12),
(20, 'Cullen Bednar', 'Consequatur sit laboriosam fugiat. Beatae non dignissimos minus maiores et non placeat. Labore debitis minima iusto unde ut. Totam iusto et molestias vero dolorem aperiam ut.', 1, '2018-06-07 12:14:18', '2018-06-07 12:14:18', 26),
(21, 'Heber Hettinger II', 'Non exercitationem maxime voluptatem veritatis. Soluta dolor aperiam illo quidem eum. Quis architecto exercitationem et illo in temporibus blanditiis. Nostrum laboriosam ex optio distinctio excepturi recusandae. Omnis voluptatibus ipsa perspiciatis aliquid.', 4, '2018-06-07 12:14:18', '2018-06-07 12:14:18', 28),
(22, 'Barbara Robel', 'Dicta et odit sapiente cum voluptas maxime aperiam. Sed perspiciatis laborum quidem consectetur in. Rerum voluptate ut repudiandae. Repudiandae eaque accusantium eligendi sunt rerum in veniam. Commodi aut enim beatae ratione nam.', 2, '2018-06-07 12:14:18', '2018-06-07 12:14:18', 46),
(23, 'Lupe Rippin', 'Ea culpa quibusdam omnis dignissimos et. Consectetur itaque voluptates magni reiciendis eos labore quasi. Illo sit provident inventore ut dicta.', 2, '2018-06-07 12:14:18', '2018-06-07 12:14:18', 40),
(24, 'Miss Brooklyn Altenwerth', 'Neque veniam enim totam non. Dolores libero corporis tenetur minima similique. Suscipit ducimus voluptate dolores porro quos.', 1, '2018-06-07 12:14:18', '2018-06-07 12:14:18', 3),
(25, 'Elsa Jones', 'Quaerat blanditiis voluptas et nesciunt enim laboriosam. Quam voluptatibus suscipit quis aut rem voluptatem voluptas. Veniam laborum ut neque in quis repudiandae. Illum laboriosam enim sint ea rerum amet cum velit. Asperiores sed consectetur dolore aperiam.', 1, '2018-06-07 12:14:18', '2018-06-07 12:14:18', 36),
(26, 'Prof. Alvis Graham MD', 'Et labore ut quia et praesentium libero maiores. Amet aspernatur voluptas sed neque. Explicabo officia distinctio nemo ut blanditiis odit. Dolores excepturi quam suscipit asperiores.', 4, '2018-06-07 12:14:18', '2018-06-07 12:14:18', 7),
(27, 'Ms. Ruthe Franecki', 'Ut ut fugiat debitis. Consequatur omnis molestias ea. Nobis quod explicabo ducimus nobis.', 4, '2018-06-07 12:14:18', '2018-06-07 12:14:18', 48),
(28, 'Harmony Considine', 'Eligendi et reprehenderit aut quod. Ut ut perferendis molestiae ea voluptatibus quae. Sit error sit velit culpa fuga qui. Voluptatem voluptate aut aliquid hic magni. Soluta similique optio officiis est.', 1, '2018-06-07 12:14:18', '2018-06-07 12:14:18', 3),
(29, 'Kari Monahan', 'Inventore et modi et deleniti quis magnam vel labore. Sed quia molestiae libero possimus. Perspiciatis voluptatem assumenda veniam voluptatem dolore quae.', 1, '2018-06-07 12:14:18', '2018-06-07 12:14:18', 43),
(30, 'Mrs. Antoinette Rau DVM', 'Et expedita placeat quis qui et. Id voluptatum consequatur qui temporibus iusto perspiciatis dolore. Quo recusandae laborum accusantium dolores consequuntur cum.', 3, '2018-06-07 12:14:18', '2018-06-07 12:14:18', 46),
(31, 'Helen Halvorson', 'Sint iusto vero excepturi eum. Sed ut laboriosam illum. Suscipit molestiae qui inventore non odit a esse veniam.', 1, '2018-06-07 12:14:18', '2018-06-07 12:14:18', 30),
(32, 'Arne Stroman III', 'Minus aperiam similique officiis enim consequatur eos soluta fugiat. Voluptatem non voluptate sapiente exercitationem aliquam eos veniam. Suscipit ab voluptas omnis nemo. Et vitae fuga a nemo aut.', 1, '2018-06-07 12:14:18', '2018-06-07 12:14:18', 42),
(33, 'Fletcher Rice', 'Molestiae sunt non omnis corrupti. Accusantium omnis velit impedit dolores aliquam omnis ipsam. Aut consequuntur excepturi ipsam corrupti sunt dolorem.', 3, '2018-06-07 12:14:18', '2018-06-07 12:14:18', 49),
(34, 'Jeffry Reilly', 'Facilis error minima voluptatibus harum quo eligendi eos eius. Autem ipsa quos sint non illum aut itaque labore. Maiores non expedita nesciunt qui cupiditate.', 3, '2018-06-07 12:14:18', '2018-06-07 12:14:18', 11),
(35, 'Dr. Domingo Greenholt', 'Dolore aut et ducimus voluptatem. Ratione maiores quidem ipsa et eos molestiae odit. Quia provident voluptatem minima quaerat porro. Iste quis officiis ea veritatis voluptatem enim.', 2, '2018-06-07 12:14:19', '2018-06-07 12:14:19', 50),
(36, 'Keanu Swaniawski', 'Aperiam sint saepe nihil exercitationem id et. Accusantium soluta praesentium vel et quibusdam cum sint accusamus. Sint nisi nostrum et et.', 3, '2018-06-07 12:14:19', '2018-06-07 12:14:19', 33),
(37, 'Bridgette Walsh', 'Et enim optio doloremque. Vel magni quos ab debitis dolorum neque in. Nihil necessitatibus sit eos esse adipisci sed amet.', 2, '2018-06-07 12:14:19', '2018-06-07 12:14:19', 7),
(38, 'Dolores Heller', 'Odio voluptatum quia non animi aut veniam aut. Esse molestiae deleniti explicabo molestiae porro error voluptas. Expedita laudantium beatae inventore tempora.', 2, '2018-06-07 12:14:19', '2018-06-07 12:14:19', 12),
(39, 'Annabelle Spencer', 'Minus ut repellat ut eos sed modi qui. Nemo nihil error reprehenderit harum velit. Impedit accusantium esse qui cum voluptatem numquam laudantium.', 4, '2018-06-07 12:14:19', '2018-06-07 12:14:19', 7),
(40, 'Prof. Helga Zieme DVM', 'Voluptatem qui repellat praesentium porro sint. Ipsa atque qui voluptas velit debitis. Et dicta expedita culpa inventore voluptas totam. Illo ex sed eveniet est ipsam consequuntur.', 3, '2018-06-07 12:14:19', '2018-06-07 12:14:19', 19),
(41, 'Prof. Olaf Hagenes IV', 'Rerum id non deserunt sint aut. Quo nemo consequuntur dolor esse ut reprehenderit. Cum error et fugit labore. Tenetur rem similique tenetur ea quod. Beatae voluptatem atque mollitia et.', 5, '2018-06-07 12:14:19', '2018-06-07 12:14:19', 35),
(42, 'Kariane Feil', 'Magni non quis assumenda illum quis illum. Debitis id aspernatur et maxime. Vel fuga aliquam sapiente numquam quia molestias. In praesentium qui aut reprehenderit sequi. Voluptas sequi ut culpa eum.', 2, '2018-06-07 12:14:19', '2018-06-07 12:14:19', 50),
(43, 'Prof. Juliana Stehr Jr.', 'Eligendi ullam cum voluptatem quia. Repellat in beatae dignissimos quos quaerat dignissimos. Sunt consequatur vitae eum recusandae nemo nihil maxime. Rerum necessitatibus voluptatibus eos necessitatibus consequatur enim corrupti.', 2, '2018-06-07 12:14:19', '2018-06-07 12:14:19', 20),
(44, 'Golden Bayer', 'Adipisci voluptatem dolorem illo libero labore. Porro dolore eligendi ratione est. Dolorum commodi ex in est qui tenetur eum dolores. Fuga vero sapiente exercitationem.', 1, '2018-06-07 12:14:19', '2018-06-07 12:14:19', 30),
(45, 'Ms. Marcelle Ratke MD', 'Molestias sint ipsa architecto iure illum ipsa. Numquam omnis aut dolores quisquam consequuntur velit. Consequuntur ex ad incidunt ipsam quia enim ipsam.', 5, '2018-06-07 12:14:19', '2018-06-07 12:14:19', 48),
(46, 'Peggie Morissette', 'Rerum reprehenderit modi aut quia. Id praesentium ut consequatur placeat incidunt qui. Impedit error autem culpa alias magnam et.', 3, '2018-06-07 12:14:19', '2018-06-07 12:14:19', 6),
(47, 'Barney Quitzon', 'Quisquam fugiat tenetur provident. Repellat accusamus non temporibus quia amet iste. Soluta suscipit id consequatur quo. Quia id laudantium earum asperiores animi nulla.', 1, '2018-06-07 12:14:19', '2018-06-07 12:14:19', 12),
(48, 'Emilia Kuhn', 'Velit molestiae omnis accusantium quam at eos. Eligendi voluptas eos temporibus aut sed voluptatum.', 2, '2018-06-07 12:14:19', '2018-06-07 12:14:19', 2),
(49, 'Mrs. Kristina Kovacek V', 'Eius et vel voluptatum dolorem voluptas consequatur corporis. Id nihil possimus inventore. Sunt recusandae consectetur temporibus doloremque ut tempore. Sequi impedit fugit et quae aut et recusandae quibusdam.', 2, '2018-06-07 12:14:19', '2018-06-07 12:14:19', 19),
(50, 'Ubaldo Mills', 'Ex tempora quo omnis sit. Sint sit voluptatem architecto et dignissimos cum quos. In consequatur vero assumenda sequi. Omnis sit quam rerum quia commodi voluptates illo.', 5, '2018-06-07 12:14:19', '2018-06-07 12:14:19', 23),
(51, 'Iva Osinski', 'Sequi veritatis necessitatibus molestiae. Fuga distinctio aut et incidunt qui consequatur aut. Ut sunt qui voluptate repudiandae error dolorem.', 4, '2018-06-07 12:14:19', '2018-06-07 12:14:19', 44),
(52, 'Garnet Lynch', 'Architecto neque eos nihil nemo. Et saepe nisi ut laborum soluta eveniet saepe. Dicta libero numquam soluta voluptates et est quo.', 5, '2018-06-07 12:14:19', '2018-06-07 12:14:19', 1),
(53, 'Jayson Greenfelder DDS', 'Dignissimos vero consequuntur quis consequatur sed culpa. Quam reiciendis consequatur qui perspiciatis animi odio aut. Magnam assumenda et rerum ut. Nobis beatae eum autem non.', 1, '2018-06-07 12:14:19', '2018-06-07 12:14:19', 7),
(54, 'Noemie Predovic', 'Architecto hic ut deserunt quaerat. Laboriosam ut sed nam at. Nisi ut in et ea. Qui inventore neque qui reprehenderit eligendi adipisci.', 5, '2018-06-07 12:14:19', '2018-06-07 12:14:19', 7),
(55, 'Petra Johns', 'Sed omnis deleniti ut cupiditate et dolorum veritatis. Perferendis non est quis neque neque harum consequatur. Quam ab animi nihil voluptas. Voluptates voluptatem eligendi quis tempora rerum.', 3, '2018-06-07 12:14:19', '2018-06-07 12:14:19', 8),
(56, 'Haven Bogisich', 'Libero velit qui inventore harum ratione accusantium laboriosam. Deleniti nobis adipisci accusantium consectetur qui. Dolorum in itaque aut praesentium.', 3, '2018-06-07 12:14:19', '2018-06-07 12:14:19', 4),
(57, 'Megane Quigley', 'Officiis iure commodi rerum voluptas. Repellendus excepturi laborum qui officia modi eos est. Veritatis et ea qui et maxime.', 5, '2018-06-07 12:14:19', '2018-06-07 12:14:19', 24),
(58, 'Prof. Stephania Mueller II', 'Magni est magni nisi nesciunt dolorum. Rerum exercitationem dolor eaque eos. Dicta aut quo exercitationem omnis architecto nobis. Quibusdam voluptas dolorum quibusdam cumque recusandae enim.', 1, '2018-06-07 12:14:19', '2018-06-07 12:14:19', 4),
(59, 'Christop Kautzer', 'Totam voluptates mollitia quis quae est officiis eaque. Quaerat laboriosam sed placeat ea aliquam autem magni. Maxime cupiditate quia dolores.', 3, '2018-06-07 12:14:19', '2018-06-07 12:14:19', 24),
(60, 'Prof. Ubaldo Johnson', 'Non vero dolorem deleniti aut. Voluptas nam beatae occaecati eius accusamus quas. Ea consequatur neque quo laudantium molestias quia.', 5, '2018-06-07 12:14:19', '2018-06-07 12:14:19', 21),
(61, 'Josue Corkery', 'Nihil inventore natus a voluptatem. Quaerat velit cum maiores animi mollitia. Harum alias deserunt nobis facere. Quia eos magnam aspernatur.', 1, '2018-06-07 12:14:19', '2018-06-07 12:14:19', 7),
(62, 'Marilyne Welch', 'Eveniet nemo praesentium quibusdam autem suscipit. Id vel inventore veritatis ratione provident quas. Quod aut nihil consectetur vitae et quia ut. Odit maxime molestias impedit voluptatem optio accusantium corrupti.', 2, '2018-06-07 12:14:19', '2018-06-07 12:14:19', 6),
(63, 'Adele Tillman', 'Consequatur enim at laborum voluptas a. Et at fugit autem. Ipsa fuga aperiam qui.', 4, '2018-06-07 12:14:19', '2018-06-07 12:14:19', 2),
(64, 'Myrtice Tromp', 'Enim doloribus voluptatem consequatur porro. Aut soluta ad dolore expedita ut quod sit ipsam. Quia quae ea molestiae.', 4, '2018-06-07 12:14:19', '2018-06-07 12:14:19', 49),
(65, 'Prof. Kiara Rohan V', 'Alias et doloremque doloribus odit voluptatem aut est. Excepturi provident provident dolor sit natus quam beatae. Placeat quia qui nesciunt voluptas modi maiores aut. Enim libero dicta voluptas nam rerum eaque.', 3, '2018-06-07 12:14:19', '2018-06-07 12:14:19', 6),
(66, 'Lolita Rolfson', 'Sed ad ad in commodi. Qui ea velit neque sit rem. Quaerat optio ut vel possimus. Hic sapiente qui ducimus ullam ad distinctio quia. Nihil nesciunt magnam architecto sit voluptas aut.', 5, '2018-06-07 12:14:19', '2018-06-07 12:14:19', 20),
(67, 'Mr. Carmel Oberbrunner', 'Temporibus aut excepturi vero eaque. Harum nostrum error occaecati reprehenderit non velit. Laborum beatae repellat ad quis. Repellat vel magni quod aut quibusdam ut ut.', 3, '2018-06-07 12:14:19', '2018-06-07 12:14:19', 45),
(68, 'Lawson Goyette', 'Ut dolorum possimus minima in sint nam et. Natus illo quia totam est. Repellat voluptate a officiis.', 5, '2018-06-07 12:14:19', '2018-06-07 12:14:19', 7),
(69, 'Dr. Holly Treutel', 'Nulla laboriosam perspiciatis magnam culpa. Laborum eum est molestias odit quis ipsum perferendis. Rerum assumenda non ipsam quo enim facere. Tenetur non perspiciatis dolorem dolores.', 4, '2018-06-07 12:14:19', '2018-06-07 12:14:19', 17),
(70, 'Maxie Cummings', 'Voluptatum quia fugit possimus quis. Et culpa debitis molestiae blanditiis qui. Repellat suscipit qui qui modi doloribus soluta et suscipit. Accusamus velit illum minima aperiam labore dolor.', 1, '2018-06-07 12:14:20', '2018-06-07 12:14:20', 13),
(71, 'Hailie Harris PhD', 'Cumque nihil voluptatem cumque possimus. Sed est consequatur voluptas doloremque sint consequatur quo. Hic iste consequatur itaque aperiam quos. Tenetur qui error modi sunt qui dolorum odit illum.', 1, '2018-06-07 12:14:20', '2018-06-07 12:14:20', 46),
(72, 'Conor Hills', 'Cupiditate eos recusandae aliquam vel eaque et aut. Sed laborum quam numquam dolore sint non non. Quam accusantium iusto necessitatibus molestiae nihil qui.', 1, '2018-06-07 12:14:20', '2018-06-07 12:14:20', 47),
(73, 'Jayson Lesch', 'Sapiente et laborum molestiae quae. Iure libero quaerat et nisi aliquid. Et nostrum quis aperiam sint. Fugit ex quia adipisci magnam quaerat porro laudantium deleniti.', 4, '2018-06-07 12:14:20', '2018-06-07 12:14:20', 11),
(74, 'Dr. Lavonne Lakin DVM', 'Dolor non voluptatem nulla magnam eos quia aperiam. Eius laudantium debitis ex numquam nulla nulla necessitatibus. Delectus cumque et rerum sit officia sequi.', 1, '2018-06-07 12:14:20', '2018-06-07 12:14:20', 12),
(75, 'Haleigh Bogan', 'Quo eum optio dolores eum accusantium et. Accusantium in enim consequatur aut magni adipisci. Dolore aut maxime rerum nobis est vitae odit magnam. Maxime voluptatem voluptatum enim officia dolorem earum.', 5, '2018-06-07 12:14:20', '2018-06-07 12:14:20', 11),
(76, 'Mckenna Considine', 'Eos cupiditate temporibus dolorem quis quaerat aperiam hic. Ipsum dolor et consequatur ratione quos. Et et ut esse architecto.', 3, '2018-06-07 12:14:20', '2018-06-07 12:14:20', 21),
(77, 'Shania Prohaska MD', 'Praesentium aliquid harum aut quidem. Ea magnam illo corporis. Nesciunt et hic ab eveniet cupiditate nemo reiciendis. Quo asperiores ab illum iusto.', 4, '2018-06-07 12:14:20', '2018-06-07 12:14:20', 6),
(78, 'Princess Braun', 'Maxime libero laborum aut alias est officia amet enim. Non repellat ipsum rem aliquam ipsum. Assumenda eos voluptatum error illum et blanditiis. Dignissimos maiores qui tenetur eos.', 5, '2018-06-07 12:14:20', '2018-06-07 12:14:20', 14),
(79, 'Prof. Cary Conn', 'Modi consequatur minus eaque adipisci. Cum blanditiis neque corporis maxime distinctio neque. Excepturi adipisci est modi nihil magni exercitationem voluptatibus. Non totam qui totam ut soluta. Rerum iste sapiente non voluptatem magnam sint qui.', 2, '2018-06-07 12:14:20', '2018-06-07 12:14:20', 45),
(80, 'Octavia Reinger', 'Sit nulla officiis sed ut consectetur. Cum quaerat ad autem voluptatum. Nam tempora dolor ratione non odit fuga qui. Sed dolor consequuntur nemo totam.', 4, '2018-06-07 12:14:20', '2018-06-07 12:14:20', 13),
(81, 'Robyn Huel', 'Molestias adipisci sit cupiditate error est perspiciatis quos. Quod totam qui quaerat. Voluptate non dolores eligendi eaque. Libero laudantium praesentium numquam.', 4, '2018-06-07 12:14:20', '2018-06-07 12:14:20', 24),
(82, 'Prof. Otho Considine Sr.', 'Quaerat accusantium quidem ea facere eaque alias. Delectus harum omnis sunt. Laborum quo ea consequatur sed nulla praesentium.', 5, '2018-06-07 12:14:20', '2018-06-07 12:14:20', 24),
(83, 'Miss Gracie Dibbert', 'Id voluptatem quae dolorem. Recusandae quia inventore a rerum excepturi ab. Assumenda quos consequuntur soluta quidem eius debitis rerum in. Voluptates dolorem eos officia nam.', 1, '2018-06-07 12:14:20', '2018-06-07 12:14:20', 28),
(84, 'Katheryn Jast', 'Facilis fugit quos recusandae necessitatibus modi. Autem enim iste occaecati asperiores. Consequatur placeat magnam ea debitis sint. Sed qui non nulla excepturi.', 3, '2018-06-07 12:14:20', '2018-06-07 12:14:20', 14),
(85, 'Amani Watsica I', 'Aut natus omnis quisquam voluptates voluptates. Quam vitae voluptatem enim suscipit. Repellendus distinctio perspiciatis quibusdam eveniet dicta quasi tenetur. Aut in vitae consequatur debitis et illo dolores aperiam.', 5, '2018-06-07 12:14:20', '2018-06-07 12:14:20', 30),
(86, 'Miss Vada Murray III', 'Sed quasi enim qui et officiis voluptas quae recusandae. Sit ut possimus itaque. Numquam molestiae nobis est maxime non. Praesentium velit voluptas consequatur ullam.', 3, '2018-06-07 12:14:20', '2018-06-07 12:14:20', 48),
(87, 'Calista Hettinger', 'Hic officiis dignissimos itaque perferendis voluptate libero vel. Quia animi laboriosam in deleniti voluptas. Aut magnam atque quibusdam et nihil nihil cum.', 5, '2018-06-07 12:14:20', '2018-06-07 12:14:20', 48),
(88, 'Charley Howell', 'Ipsa quibusdam magni nulla cupiditate quia enim. Similique perspiciatis quasi fuga dignissimos rerum quia non. Et nam deserunt magni fugiat nesciunt aut nemo. Distinctio qui voluptatum qui non.', 4, '2018-06-07 12:14:20', '2018-06-07 12:14:20', 7),
(89, 'Jaden Rowe', 'Dolor et est impedit harum doloribus error. Quisquam facilis aut voluptates est culpa. Id voluptas itaque qui sed similique velit earum.', 2, '2018-06-07 12:14:20', '2018-06-07 12:14:20', 5),
(90, 'Eliza Nader', 'Labore est delectus labore et. Harum laudantium architecto sunt facilis iure molestias sed. Ut et quasi asperiores officia veniam non. Atque tenetur ut fugiat aspernatur alias quis.', 4, '2018-06-07 12:14:20', '2018-06-07 12:14:20', 37),
(91, 'Sylvan Grimes I', 'Et ab ab mollitia consequuntur et itaque culpa. Ipsa quidem ea est iste. Adipisci aut minima omnis quo.', 5, '2018-06-07 12:14:20', '2018-06-07 12:14:20', 17),
(92, 'Jailyn Harris III', 'Sit eos sed provident vel ipsum incidunt. Cumque maiores ut assumenda exercitationem consequatur aliquam ut. Et magnam qui id minima. Doloribus et assumenda porro ea reiciendis. Est libero quia et quia et consequatur laborum.', 2, '2018-06-07 12:14:20', '2018-06-07 12:14:20', 45),
(93, 'Daisha Cruickshank', 'Impedit qui eos qui molestias amet. Autem tenetur autem voluptatem odio. Molestiae sed voluptate ratione architecto molestiae inventore qui. Non quia quibusdam dolor voluptatum.', 4, '2018-06-07 12:14:20', '2018-06-07 12:14:20', 40),
(94, 'Tyreek Monahan', 'Enim omnis pariatur dolor illum. Quod voluptatum est quae officiis illum voluptatibus. Earum est molestias quis sunt et modi.', 2, '2018-06-07 12:14:20', '2018-06-07 12:14:20', 24),
(95, 'Miss Monique Ullrich DDS', 'Ex et repudiandae voluptatem eum soluta quam qui autem. Accusantium voluptatem saepe eaque nostrum eius ex aut.', 3, '2018-06-07 12:14:20', '2018-06-07 12:14:20', 23),
(96, 'Mrs. Estell Simonis DVM', 'Animi inventore possimus enim id aut. Quae quibusdam a quibusdam fugit minima culpa sed. Animi aspernatur et aut consequatur. Consequuntur et qui veniam debitis optio.', 1, '2018-06-07 12:14:20', '2018-06-07 12:14:20', 17),
(97, 'Dr. Trudie Carter DDS', 'Sed perferendis odit facilis deleniti nemo. Quia deserunt molestias ut adipisci veritatis. Quam in veniam repudiandae.', 4, '2018-06-07 12:14:20', '2018-06-07 12:14:20', 1),
(98, 'Martina Mosciski', 'Iste voluptatum impedit alias aut optio voluptates consequatur. Id ut hic veritatis dolorem. Ea dolor ipsum quo impedit eos repellendus.', 4, '2018-06-07 12:14:20', '2018-06-07 12:14:20', 12),
(99, 'Dr. Willow Nicolas', 'Ratione ullam consectetur reprehenderit molestiae accusantium dolor. Dolorem eveniet aliquam provident modi quaerat libero. Alias molestiae molestiae voluptatem asperiores fuga officiis eius. Facere ullam laborum iusto. Deleniti expedita ut omnis veniam.', 2, '2018-06-07 12:14:20', '2018-06-07 12:14:20', 45),
(100, 'Kim Renner', 'Et qui ut inventore tenetur vitae commodi. Labore ad sit rerum illo eos et. Necessitatibus quas et voluptate beatae animi dicta voluptas. Repudiandae vel est perspiciatis in.', 2, '2018-06-07 12:14:20', '2018-06-07 12:14:20', 16),
(101, 'Sage Senger', 'Ex libero eum harum quidem optio. Iure pariatur officia quae rem quasi reiciendis est. Ut vitae commodi tempora in. Quibusdam dolor officia voluptatum laborum et.', 1, '2018-06-07 12:14:20', '2018-06-07 12:14:20', 8),
(102, 'Henriette Bernhard', 'Iure enim itaque harum. Nemo et nulla quaerat omnis reiciendis qui necessitatibus natus. Nam aspernatur consequatur cupiditate illo optio. Perspiciatis delectus dolore voluptatum ipsam.', 4, '2018-06-07 12:14:20', '2018-06-07 12:14:20', 37),
(103, 'Solon Aufderhar', 'Quia architecto qui cupiditate ratione. Amet quia beatae eveniet quo. Laborum incidunt quis quia tempore minus.', 5, '2018-06-07 12:14:20', '2018-06-07 12:14:20', 27),
(104, 'Prof. Urban Fay I', 'Impedit eius consequatur voluptas officiis aut dolorum hic deleniti. Nam explicabo labore et earum quidem nostrum tempore veritatis. Sapiente qui quidem et error ipsa voluptates aliquid.', 1, '2018-06-07 12:14:20', '2018-06-07 12:14:20', 34),
(105, 'Haley Trantow', 'Hic molestias aut sint. Est dolor dolorem et est. Ratione libero alias laborum pariatur. Ab qui suscipit aut molestias sapiente. Similique delectus ut voluptas fugiat in est tempore molestiae.', 2, '2018-06-07 12:14:21', '2018-06-07 12:14:21', 47),
(106, 'Lucienne Ernser', 'Sequi expedita dolor quisquam dolor est incidunt velit. Soluta omnis quia quos ipsa. Ipsa adipisci qui aut optio.', 3, '2018-06-07 12:14:21', '2018-06-07 12:14:21', 50),
(107, 'Prof. Aracely Hahn PhD', 'Omnis quis mollitia qui deserunt. Maiores et enim et. Commodi temporibus atque cupiditate. Facere aut quos qui et.', 3, '2018-06-07 12:14:21', '2018-06-07 12:14:21', 5),
(108, 'Ms. Liliana Hahn', 'Quis sequi tenetur est quaerat rem odit sint. Delectus veritatis iusto porro cum. Qui tempore magnam quis quibusdam dolorum sint ullam. Inventore modi est eius non quibusdam iste.', 3, '2018-06-07 12:14:21', '2018-06-07 12:14:21', 7),
(109, 'Mr. Frederick Kreiger', 'Ipsam facilis facere aut est. Ex accusamus necessitatibus aut et.', 1, '2018-06-07 12:14:21', '2018-06-07 12:14:21', 3),
(110, 'Prof. Kris Roob', 'Voluptas aut repudiandae ut dolores. Animi sequi temporibus sed velit.', 3, '2018-06-07 12:14:21', '2018-06-07 12:14:21', 26),
(111, 'Amber Renner Jr.', 'Repellat provident officia aperiam quis et omnis autem. Vel neque est ad aut. Sit qui ipsum quibusdam nisi.', 1, '2018-06-07 12:14:21', '2018-06-07 12:14:21', 20),
(112, 'Erin Mosciski III', 'Est itaque reprehenderit perferendis esse. Ea est dolores molestiae ad doloribus et qui. Iste rerum accusamus harum quia.', 1, '2018-06-07 12:14:21', '2018-06-07 12:14:21', 44),
(113, 'Kenneth Moore I', 'Atque veniam et eius nobis reprehenderit necessitatibus culpa. Nobis magni laudantium ex temporibus repellendus et. Et laborum eum sint quam. Distinctio enim quae dolorem et quasi.', 1, '2018-06-07 12:14:21', '2018-06-07 12:14:21', 18),
(114, 'Felton Williamson', 'Id facilis minima numquam vero. Illo dolore autem provident nam dolore et. Nobis quia distinctio ut optio tempora. Qui quod voluptatem nobis eos architecto impedit cumque impedit.', 4, '2018-06-07 12:14:21', '2018-06-07 12:14:21', 23),
(115, 'Benjamin Bashirian', 'Veniam explicabo quo dolores consequatur saepe odio. Praesentium laudantium qui ratione corrupti amet itaque laudantium. Fuga cupiditate rerum earum suscipit sed earum perspiciatis.', 4, '2018-06-07 12:14:21', '2018-06-07 12:14:21', 17),
(116, 'Elyssa Beatty', 'Pariatur tempore qui optio. Nesciunt at rerum voluptatem. Iure repellendus magnam est itaque nihil sit minus. Repudiandae fuga deserunt amet voluptatibus.', 2, '2018-06-07 12:14:21', '2018-06-07 12:14:21', 41),
(117, 'Sonya Turcotte', 'Laboriosam sint veniam ullam et. Asperiores esse id voluptas esse. Qui quae atque cum impedit. Doloribus praesentium sed voluptas ea eum.', 1, '2018-06-07 12:14:21', '2018-06-07 12:14:21', 34),
(118, 'Mya Ortiz PhD', 'Debitis nobis quod rem magnam aperiam. Voluptates aut quis nihil. Aperiam vel quis aut quidem reprehenderit error. Officia blanditiis sint nisi. Velit qui molestiae voluptatem ut est.', 1, '2018-06-07 12:14:21', '2018-06-07 12:14:21', 8),
(119, 'Ward Homenick', 'Eius explicabo necessitatibus assumenda atque esse sequi. Dolor nisi neque et quod laborum vitae.', 5, '2018-06-07 12:14:21', '2018-06-07 12:14:21', 44),
(120, 'Jamil Nolan II', 'Architecto sequi odit aperiam id sapiente molestias dignissimos. Id similique rem inventore eaque.', 5, '2018-06-07 12:14:21', '2018-06-07 12:14:21', 28),
(121, 'Mr. Edison Crooks', 'Omnis corrupti est fugit. Ducimus doloremque aut ut non est esse. Dolores qui qui perferendis cupiditate. Voluptas eos consequatur voluptas.', 4, '2018-06-07 12:14:21', '2018-06-07 12:14:21', 11),
(122, 'Nya Connelly', 'Reprehenderit ratione dolores enim corrupti commodi. Aut doloribus explicabo consequatur impedit id nihil. Sed illum neque non aliquid et aperiam voluptates repellat. Repellendus tenetur architecto veniam eius dignissimos.', 4, '2018-06-07 12:14:21', '2018-06-07 12:14:21', 45),
(123, 'Amaya Sipes III', 'Et deleniti aliquid nisi deleniti. Quasi dolorum ducimus mollitia nam. Eveniet omnis fuga sed quod. Qui distinctio est illum quasi cupiditate aliquam.', 3, '2018-06-07 12:14:21', '2018-06-07 12:14:21', 40),
(124, 'Stewart Zemlak', 'Ea et explicabo porro dolorem itaque occaecati aut non. Ad ipsa eos quibusdam commodi autem commodi. Officia molestias id quibusdam doloremque qui. Consequatur nostrum reprehenderit qui et repudiandae omnis cumque quasi.', 4, '2018-06-07 12:14:21', '2018-06-07 12:14:21', 39),
(125, 'Ahmed Schulist', 'Vitae qui vitae possimus maxime quia est voluptas. Perferendis pariatur unde minus odit. Rem et sed dolores qui. Dolor quibusdam neque nulla et et molestias vero magnam.', 1, '2018-06-07 12:14:21', '2018-06-07 12:14:21', 33),
(126, 'Marilou Kunde IV', 'Repellendus sunt molestiae recusandae nisi molestiae fugit mollitia. A sed qui non quos similique facilis dolorum. Nulla non ipsam qui accusantium.', 2, '2018-06-07 12:14:21', '2018-06-07 12:14:21', 1),
(127, 'Prudence Considine', 'Omnis at et nulla qui ratione veniam quos. Quas ut et quia et. Et enim quia sit tenetur omnis. In qui aut maiores consequatur a nihil ipsum.', 3, '2018-06-07 12:14:21', '2018-06-07 12:14:21', 42),
(128, 'Miss Clotilde Schmitt', 'Id nihil voluptate commodi dolor. Deserunt deleniti voluptatem earum.', 5, '2018-06-07 12:14:21', '2018-06-07 12:14:21', 16),
(129, 'Abel Fahey', 'Qui voluptatem voluptatem optio nihil. Omnis tempora praesentium nulla illum quidem assumenda sit delectus. Quas quis in odit nihil voluptatem at nesciunt corrupti. Temporibus expedita hic est rerum.', 2, '2018-06-07 12:14:21', '2018-06-07 12:14:21', 18),
(130, 'Mrs. Carlotta Lindgren', 'Quis recusandae assumenda cum voluptatem nemo adipisci consectetur. Et mollitia in accusamus fuga totam nihil. Optio illum saepe commodi.', 5, '2018-06-07 12:14:21', '2018-06-07 12:14:21', 13),
(131, 'Sherman Daugherty II', 'Maiores culpa eos nostrum. Dolore tempora placeat hic tempore ea. Voluptatibus nobis rerum omnis rerum qui similique. Quam officiis sit odit iusto dignissimos velit quia odit. Maiores aut eius cum quis sunt voluptas corrupti.', 2, '2018-06-07 12:14:21', '2018-06-07 12:14:21', 5),
(132, 'Dr. Kylie Corkery', 'Qui provident corrupti odio. Repellendus in debitis est facilis fugiat distinctio. Ullam dolores aspernatur impedit sapiente alias et cumque.', 4, '2018-06-07 12:14:21', '2018-06-07 12:14:21', 20),
(133, 'Velda Langworth', 'Sunt placeat temporibus iste cumque maiores ut et. Mollitia quas optio perspiciatis aperiam. Est incidunt eum occaecati dolorum aspernatur nesciunt.', 1, '2018-06-07 12:14:21', '2018-06-07 12:14:21', 25),
(134, 'Ms. Amaya Ebert III', 'Sit et nihil dolorem sunt sed sed. Neque alias ex enim. Qui optio qui facere aut cum quia.', 2, '2018-06-07 12:14:21', '2018-06-07 12:14:21', 33),
(135, 'Nicole Reinger', 'Animi maxime sequi aut debitis quis. Tempora sequi laborum adipisci iste maiores et illum. Et mollitia impedit qui neque qui voluptates.', 2, '2018-06-07 12:14:21', '2018-06-07 12:14:21', 41),
(136, 'Dr. Onie Emard', 'Quia in esse illum et quis suscipit dolorum. Cum nam quo iure ullam reprehenderit. Illo qui aut quia ullam vero dolor rerum.', 4, '2018-06-07 12:14:22', '2018-06-07 12:14:22', 49),
(137, 'Prof. Dangelo Kuphal MD', 'Iure incidunt quia ea explicabo dicta corporis. Corporis et aut ducimus similique laboriosam voluptatem est occaecati. Consequatur id maiores exercitationem id sit.', 3, '2018-06-07 12:14:22', '2018-06-07 12:14:22', 42),
(138, 'Randall Miller', 'Temporibus ratione ad quisquam sint. Eos inventore omnis ut consequatur voluptas aspernatur. Voluptatem non sint in itaque.', 4, '2018-06-07 12:14:22', '2018-06-07 12:14:22', 2),
(139, 'Alessandro O\'Reilly Jr.', 'Quae mollitia iusto eveniet natus rerum repellat numquam ut. Qui et voluptas esse temporibus quam ipsam ut.', 4, '2018-06-07 12:14:22', '2018-06-07 12:14:22', 21),
(140, 'Frederic Zboncak', 'Eos nihil debitis labore dolores sapiente delectus vero laudantium. Alias dolorem quis consequuntur officia. Maxime deserunt reiciendis quia iste temporibus.', 5, '2018-06-07 12:14:22', '2018-06-07 12:14:22', 22),
(141, 'Darryl Beatty', 'Consectetur magnam quo et officia unde dolore quo quas. Doloribus quia ut sed voluptatem aliquid suscipit. Impedit consequatur delectus consequatur neque molestiae. Cupiditate accusantium enim est atque fuga rem.', 2, '2018-06-07 12:14:22', '2018-06-07 12:14:22', 7),
(142, 'Lora Thiel', 'Qui aut aut perspiciatis eligendi eveniet culpa inventore voluptatem. Ut eius itaque accusamus veritatis placeat reprehenderit sit. Reprehenderit explicabo eveniet consequatur corrupti. Aut sed blanditiis animi occaecati ut.', 3, '2018-06-07 12:14:22', '2018-06-07 12:14:22', 6),
(143, 'Dr. Ollie Greenfelder DVM', 'Totam tempora ipsum harum necessitatibus mollitia facere cum est. Nemo debitis dicta exercitationem atque necessitatibus nemo harum. Pariatur nisi ut quia corporis ex. Ut id repudiandae qui fugiat vitae amet vel et.', 4, '2018-06-07 12:14:22', '2018-06-07 12:14:22', 38),
(144, 'Prof. Nikko Stoltenberg PhD', 'Ad sint ipsum et animi expedita. Qui pariatur culpa illo impedit blanditiis. Sequi quia autem ut voluptas est ut. Eos sit aut eos quae.', 3, '2018-06-07 12:14:22', '2018-06-07 12:14:22', 4),
(145, 'Dr. Pamela Quigley', 'Rerum sit mollitia eius aspernatur qui exercitationem facilis. Sint autem est vel ut. Eos impedit vel quidem quos. Alias iste consequatur non dignissimos.', 3, '2018-06-07 12:14:22', '2018-06-07 12:14:22', 18),
(146, 'Alycia Corkery', 'Animi veritatis aperiam explicabo explicabo soluta ut. Delectus sit dolorum sint eos quam debitis eaque. Sed qui at amet excepturi fugiat reprehenderit sit. Quia quaerat autem est impedit ex error tempora a. Quae rerum exercitationem illum quia saepe animi.', 2, '2018-06-07 12:14:22', '2018-06-07 12:14:22', 29),
(147, 'Russel Cassin', 'Qui magni facilis aut consequatur incidunt voluptate nemo. Laboriosam non voluptatum ut quis. Voluptatum ut vero error ab perspiciatis sunt repudiandae ex.', 3, '2018-06-07 12:14:22', '2018-06-07 12:14:22', 34),
(148, 'Ms. Angelita Little IV', 'Omnis est nobis quae officia similique. Perferendis ratione consectetur nam similique vitae impedit quia.', 4, '2018-06-07 12:14:22', '2018-06-07 12:14:22', 25),
(149, 'Miss Amelie Wolf', 'Officia voluptatum assumenda sequi corporis. Alias deserunt sapiente odit earum nihil rerum ut. Eos amet cumque rerum. Qui repudiandae doloribus consectetur omnis deleniti natus consectetur.', 4, '2018-06-07 12:14:22', '2018-06-07 12:14:22', 26),
(150, 'Alva Kemmer', 'Omnis eos tempora maxime qui odit reiciendis et. Quam perferendis laudantium assumenda molestias ipsa. Aut sint nostrum doloremque dignissimos.', 1, '2018-06-07 12:14:22', '2018-06-07 12:14:22', 6),
(151, 'Vernice Carroll', 'Dolorem ex odit labore non fuga. Ipsam sapiente est praesentium expedita aspernatur. Voluptatibus molestiae suscipit et fugiat.', 1, '2018-06-07 12:14:22', '2018-06-07 12:14:22', 35),
(152, 'Andreanne Gulgowski MD', 'Dolorem consequatur impedit dolor perspiciatis. Eos quibusdam aut reiciendis nemo aut dignissimos nobis. Unde quisquam ut inventore numquam ea.', 5, '2018-06-07 12:14:22', '2018-06-07 12:14:22', 35),
(153, 'Cassandre Smitham', 'Eos voluptas voluptatem eaque sint aut itaque vitae omnis. Vero mollitia ut mollitia similique aliquid porro ipsam. Aut minima adipisci accusamus et amet sed iusto. Blanditiis consequatur quidem sint consequuntur asperiores atque tenetur aut.', 3, '2018-06-07 12:14:22', '2018-06-07 12:14:22', 23),
(154, 'Mrs. Allene Ortiz V', 'Dolores quam reiciendis odit consequatur placeat quibusdam saepe quas. Iste neque et voluptas placeat. Beatae sed possimus repellat itaque non incidunt omnis. Autem molestiae alias impedit sunt.', 2, '2018-06-07 12:14:22', '2018-06-07 12:14:22', 13),
(155, 'Kaela Kuhic', 'Voluptatem ex perferendis beatae voluptates. Assumenda quo ducimus excepturi rerum et modi et nobis. Id quibusdam quia dolorum quae ea officiis ratione.', 5, '2018-06-07 12:14:22', '2018-06-07 12:14:22', 24),
(156, 'Cleta Luettgen', 'Ducimus quia dolore quo nostrum ut dolores rerum non. Sed in asperiores voluptas beatae est. Dolores tenetur modi dolores voluptatum fugiat.', 1, '2018-06-07 12:14:22', '2018-06-07 12:14:22', 47),
(157, 'Jamie Tromp', 'Sed enim voluptas eligendi quo nihil. Eos porro nam esse et tempora. Minus ut illum quod dolorum. Sit est ratione suscipit tempore laudantium ab mollitia.', 3, '2018-06-07 12:14:22', '2018-06-07 12:14:22', 36),
(158, 'Kellie Turner', 'Facilis quis non est error dolor. Omnis et occaecati accusantium quis est eaque. Dolore quibusdam quas aut velit optio. Sapiente temporibus nulla vero fugiat esse dolorem.', 2, '2018-06-07 12:14:22', '2018-06-07 12:14:22', 34),
(159, 'Arvel DuBuque', 'Tenetur ullam et ducimus similique vel cumque accusamus quia. Quod tenetur nesciunt consequuntur et totam. Et cupiditate dolore nihil sunt.', 5, '2018-06-07 12:14:22', '2018-06-07 12:14:22', 38),
(160, 'Kieran Blanda', 'Enim alias porro ea minima id consequatur quas. Ut et sint non aliquid architecto neque. Provident molestiae vel accusamus placeat expedita perspiciatis ullam.', 2, '2018-06-07 12:14:22', '2018-06-07 12:14:22', 7),
(161, 'Prof. Macy Blanda', 'Quia omnis quasi sunt rerum dolor sed. Enim aut aperiam ut voluptas fuga voluptatem aliquam maiores. Eligendi culpa non ratione aut.', 3, '2018-06-07 12:14:22', '2018-06-07 12:14:22', 8),
(162, 'Mr. Bennie Smith III', 'Eum nisi optio est vitae quidem qui et. Ipsum recusandae sequi praesentium voluptas sed maiores. Id et pariatur voluptas perspiciatis tempore.', 4, '2018-06-07 12:14:22', '2018-06-07 12:14:22', 33),
(163, 'Mr. Akeem Dibbert', 'Ut atque quidem occaecati alias repellat expedita dolorum. Sed esse iure cumque aliquam aliquid voluptatem quibusdam. A earum velit veritatis et vel autem qui. Velit vel in necessitatibus nihil.', 3, '2018-06-07 12:14:22', '2018-06-07 12:14:22', 28),
(164, 'Prof. Janelle Schinner II', 'Quis sit molestiae nobis nostrum. Quia mollitia consequatur reprehenderit voluptatem dolorem cumque repudiandae. Ut sunt porro nam ea libero libero.', 2, '2018-06-07 12:14:22', '2018-06-07 12:14:22', 42),
(165, 'Herta Monahan', 'Cum expedita quia culpa qui. Fuga occaecati voluptatem quod eius. Consequatur nemo facilis quia. Laboriosam nam tempore non suscipit dolorem voluptas quia.', 1, '2018-06-07 12:14:22', '2018-06-07 12:14:22', 38),
(166, 'Monroe Larson DVM', 'Labore minima eaque id possimus ad explicabo enim cum. Commodi natus qui corrupti placeat sed maiores sed.', 2, '2018-06-07 12:14:22', '2018-06-07 12:14:22', 3),
(167, 'Loren Runolfsson', 'Cupiditate inventore incidunt provident vero sed. Delectus et quod a est tempore. Velit eos autem ipsam dolore. Sed eos consequatur odio cumque consequatur vel ducimus.', 2, '2018-06-07 12:14:22', '2018-06-07 12:14:22', 15),
(168, 'Leopoldo Toy', 'Qui omnis dignissimos id. Animi est vitae molestiae animi. Fuga aut at non totam occaecati sunt laboriosam. Velit accusamus architecto ea.', 5, '2018-06-07 12:14:22', '2018-06-07 12:14:22', 16),
(169, 'Destiney Leffler', 'Qui quia ut quasi distinctio ad. Fugiat iusto dicta dolores molestiae. Sint fugiat perferendis aut eaque.', 4, '2018-06-07 12:14:22', '2018-06-07 12:14:22', 12),
(170, 'Dr. Blaise Monahan IV', 'In eius nobis praesentium. Voluptatibus consequuntur sint praesentium repellat eum. Fugiat cum eum adipisci architecto.', 1, '2018-06-07 12:14:23', '2018-06-07 12:14:23', 31),
(171, 'Gussie Boyle', 'Et sapiente et culpa iste quo. Autem doloribus natus fuga dolorem ut sit. Dolor eum optio culpa id consequatur est dolor vel. Et sint qui earum quis est nulla.', 3, '2018-06-07 12:14:23', '2018-06-07 12:14:23', 37),
(172, 'Karlie Jenkins', 'Voluptatem pariatur eum quis officiis voluptatem et. Voluptas esse suscipit qui perspiciatis maxime quidem repellendus. Molestias accusamus ut quaerat reprehenderit voluptas voluptas.', 4, '2018-06-07 12:14:23', '2018-06-07 12:14:23', 48),
(173, 'Joannie Doyle', 'Repellat similique vitae nulla et. Quam modi ratione et excepturi ea fugiat id. Occaecati est sed fuga et enim ducimus tempore. Voluptas veniam occaecati natus recusandae laboriosam.', 2, '2018-06-07 12:14:23', '2018-06-07 12:14:23', 41),
(174, 'Ms. Antonette Schulist V', 'Assumenda neque est culpa aut nemo repudiandae. Tenetur necessitatibus rerum vel sint maxime laudantium ea. Accusantium velit vero voluptas voluptatum quis in.', 2, '2018-06-07 12:14:23', '2018-06-07 12:14:23', 8),
(175, 'Minnie Schmitt', 'Laudantium ab sed fuga atque. Neque voluptas consequuntur ut autem consequatur consequatur.', 3, '2018-06-07 12:14:23', '2018-06-07 12:14:23', 1),
(176, 'Prof. Westley Barrows', 'Qui nam et aut omnis officia. Et ut sit vel praesentium rerum rerum enim perspiciatis. Atque earum sapiente tempore accusamus.', 1, '2018-06-07 12:14:23', '2018-06-07 12:14:23', 24),
(177, 'Jarrod Smitham', 'Dolore provident voluptates sint eveniet magnam doloribus. Perspiciatis dolore dolores enim perferendis aut non. Quia provident non odio velit.', 3, '2018-06-07 12:14:23', '2018-06-07 12:14:23', 33),
(178, 'Cortez Kozey', 'Laborum odio distinctio esse facilis sed iusto. Eos et placeat ut voluptate magnam. Quam commodi vel reprehenderit dolorem. Et veritatis quia sed adipisci quae qui.', 1, '2018-06-07 12:14:23', '2018-06-07 12:14:23', 4),
(179, 'Dr. Karine Johns', 'Tempore error labore dolores. Molestiae dolor saepe aut esse molestiae et. Expedita quis fugit nam enim earum eius.', 1, '2018-06-07 12:14:23', '2018-06-07 12:14:23', 48),
(180, 'Haylie Wintheiser', 'Eum et vitae totam amet magni qui dignissimos. Reiciendis magni qui quo voluptates. Aut voluptas facilis nulla expedita distinctio aut totam.', 1, '2018-06-07 12:14:23', '2018-06-07 12:14:23', 16),
(181, 'Dr. Lucie D\'Amore', 'Ea libero distinctio voluptatibus facilis. Non ut qui dolorem placeat debitis distinctio et. Cumque facere recusandae repudiandae qui non quia quidem.', 3, '2018-06-07 12:14:23', '2018-06-07 12:14:23', 28),
(182, 'Dr. Brenna Auer', 'Ad quia voluptas magni quas recusandae qui sint. Doloribus aperiam consequatur ducimus enim necessitatibus totam repellendus. Sequi laboriosam et voluptatem cumque fugiat.', 3, '2018-06-07 12:14:23', '2018-06-07 12:14:23', 21),
(183, 'Mr. Axel Bechtelar Sr.', 'Nam voluptas est provident impedit delectus facilis doloribus culpa. Tenetur reiciendis accusamus et optio nisi. Illo aliquam ipsum vero qui nisi.', 3, '2018-06-07 12:14:23', '2018-06-07 12:14:23', 34),
(184, 'Dr. Yasmin Gusikowski DDS', 'Esse laudantium aut amet quis quia repellat. Occaecati ut aut vel eveniet explicabo. Omnis quia enim illum illo quos ratione consequatur. Asperiores dolorem est tenetur incidunt sit alias. Voluptatem cum vel corrupti nam.', 2, '2018-06-07 12:14:23', '2018-06-07 12:14:23', 43),
(185, 'Makenna Denesik', 'Sunt est reiciendis amet est quis. Occaecati aliquam eum totam aperiam aut autem fugit.', 5, '2018-06-07 12:14:23', '2018-06-07 12:14:23', 20),
(186, 'Alba Hermiston MD', 'Cum nihil architecto ex. Sed saepe autem atque consequatur veniam tempore. Dolores et fugiat facere quibusdam. Omnis dolor libero inventore quia qui quisquam rerum.', 2, '2018-06-07 12:14:23', '2018-06-07 12:14:23', 18),
(187, 'Mr. Urban Powlowski I', 'Veritatis et et sapiente non sunt ullam et ipsa. In sed quod voluptate non et. Fugit aut cupiditate repudiandae illo et. Saepe sint iure ipsum eius.', 2, '2018-06-07 12:14:23', '2018-06-07 12:14:23', 37),
(188, 'Miss Rosina Boyer DVM', 'Ullam quidem deserunt explicabo nemo ratione et quaerat veniam. Et velit fuga ad cum eum eos sed. Debitis qui sit laborum dicta. Sed ducimus ea voluptatem alias omnis consequatur sed.', 4, '2018-06-07 12:14:23', '2018-06-07 12:14:23', 3),
(189, 'Samara Witting', 'Placeat ipsam et ut consequatur sed porro omnis. Non dicta nobis quos optio eveniet sint tenetur. Dolor eligendi ipsum reiciendis quia.', 1, '2018-06-07 12:14:23', '2018-06-07 12:14:23', 32),
(190, 'Chauncey Wuckert DDS', 'Natus deserunt architecto id. Explicabo quam amet voluptatibus esse voluptate voluptatem et. Praesentium id ea et corrupti.', 5, '2018-06-07 12:14:23', '2018-06-07 12:14:23', 12),
(191, 'Dr. Elissa Swaniawski Sr.', 'Et non rerum dignissimos id quo qui. Similique ut autem nesciunt fugiat corporis veritatis rerum. Id cupiditate similique et et sunt sit at. Nihil impedit fugit explicabo tempore sed doloremque ipsam.', 2, '2018-06-07 12:14:23', '2018-06-07 12:14:23', 1),
(192, 'Brennan Ebert', 'Minus ducimus et molestiae rerum. Voluptatem dolorum magni similique veritatis hic. Magnam at hic iste iusto voluptates temporibus magni.', 3, '2018-06-07 12:14:23', '2018-06-07 12:14:23', 22),
(193, 'Vito Runolfsson', 'Aperiam alias eum quis tempore dolor. Porro unde eos aliquam sed velit ut.', 1, '2018-06-07 12:14:23', '2018-06-07 12:14:23', 21),
(194, 'Amelia Rosenbaum', 'Illo et neque molestiae ex. Vel quam ut quia tenetur. Placeat vero itaque deleniti iusto. Quae dolorem dicta atque id similique.', 5, '2018-06-07 12:14:23', '2018-06-07 12:14:23', 45),
(195, 'Hassie Hauck', 'In ducimus eos et corporis. Quia quis perspiciatis ipsam. Animi ex quasi qui velit.', 2, '2018-06-07 12:14:23', '2018-06-07 12:14:23', 27),
(196, 'Dr. Casimer Hackett', 'Cumque assumenda pariatur voluptates dolores incidunt. Nisi laborum ut sunt itaque sunt sunt mollitia. Possimus ullam nihil exercitationem.', 1, '2018-06-07 12:14:23', '2018-06-07 12:14:23', 11),
(197, 'Dr. Freeman Swift', 'Ut ab neque id temporibus corrupti repellat adipisci. Perspiciatis esse repellat sunt laboriosam id itaque. Quo impedit officiis corporis placeat rerum id deserunt molestias.', 1, '2018-06-07 12:14:23', '2018-06-07 12:14:23', 32),
(198, 'Barbara Gaylord', 'Animi ut mollitia tenetur vel. Odit quam recusandae tempora aut quas. Illo itaque nam recusandae qui doloribus.', 1, '2018-06-07 12:14:23', '2018-06-07 12:14:23', 18),
(199, 'Mr. Maximus Feest', 'Accusamus similique dignissimos vitae eaque qui consequatur. Debitis porro quo temporibus doloribus quo consequatur vel dolores. Distinctio rerum reprehenderit dolores cum alias impedit. Et eos culpa facere modi ullam possimus.', 1, '2018-06-07 12:14:23', '2018-06-07 12:14:23', 5),
(200, 'Seth Rau', 'Officia aut et cupiditate sit voluptatem delectus. Aut maxime omnis est voluptas omnis. Quibusdam perspiciatis alias libero aliquam optio. Quo at quibusdam dolorem sunt similique sequi.', 3, '2018-06-07 12:14:23', '2018-06-07 12:14:23', 24),
(201, 'Ricky Gusikowski I', 'Voluptates unde nihil voluptas est cum. Distinctio aut quia soluta qui reprehenderit aut doloremque. Nobis consequatur laborum qui ut. Dolor placeat reprehenderit maxime ab architecto in.', 2, '2018-06-07 12:14:24', '2018-06-07 12:14:24', 4),
(202, 'Jude Runolfsdottir I', 'Sed ut eaque quasi facilis. Qui repudiandae porro qui asperiores inventore voluptas qui enim. Nihil molestiae quos illum aliquid enim. Modi sequi deleniti harum sapiente similique.', 5, '2018-06-07 12:14:24', '2018-06-07 12:14:24', 34),
(203, 'Ms. Shanny Hettinger', 'Nemo non voluptas eveniet et quasi. Id exercitationem soluta deleniti ratione sunt beatae quod ab. Id vitae autem maxime praesentium totam. Ipsa magni nesciunt doloribus.', 2, '2018-06-07 12:14:24', '2018-06-07 12:14:24', 23),
(204, 'Cornell Grady', 'Adipisci in commodi iure placeat autem accusamus voluptates excepturi. Architecto omnis quas sed consequuntur quaerat. Sint velit laboriosam nostrum.', 1, '2018-06-07 12:14:24', '2018-06-07 12:14:24', 44),
(205, 'Nash Walker', 'Ea alias consequatur non harum. Omnis iste omnis deserunt est eum temporibus quo. Voluptas rerum nostrum neque aut. Saepe et dolorem perspiciatis ipsa ipsum possimus.', 4, '2018-06-07 12:14:24', '2018-06-07 12:14:24', 31),
(206, 'Lisa Strosin', 'Et adipisci cum rerum placeat facere omnis tempora. Aut eos modi eveniet vel cum ad voluptas. Reprehenderit vero sint ratione voluptates. Distinctio ut perferendis magni accusantium.', 4, '2018-06-07 12:14:24', '2018-06-07 12:14:24', 38),
(207, 'Caleigh Hagenes', 'Consequatur rerum culpa earum molestias. Iure sed molestias consequatur officiis. Voluptatibus provident aut tenetur ex odio perferendis expedita. Hic voluptatem esse perspiciatis ea ut.', 1, '2018-06-07 12:14:24', '2018-06-07 12:14:24', 44);
INSERT INTO `reviews` (`id`, `customer`, `review`, `star`, `created_at`, `updated_at`, `product_id`) VALUES
(208, 'Tyreek Swaniawski', 'Quod dolor sit magni aliquid. Qui a incidunt dolorem fugit voluptatem vero vero. Nihil voluptas magni magnam rerum cupiditate. Vitae porro nemo qui fugiat. Ad illum pariatur aspernatur tempora alias nesciunt.', 1, '2018-06-07 12:14:24', '2018-06-07 12:14:24', 4),
(209, 'Easter Buckridge V', 'Sed tenetur labore ut iste. Veritatis aliquid rerum distinctio aperiam voluptates soluta laboriosam. Ab voluptas aspernatur animi.', 3, '2018-06-07 12:14:24', '2018-06-07 12:14:24', 38),
(210, 'Dereck Borer', 'Aperiam enim tempora aut sed sit vero odio. Omnis et voluptatem nihil. Et quis et nisi est voluptas ut. Aut delectus consequatur cumque saepe sed et ut.', 4, '2018-06-07 12:14:24', '2018-06-07 12:14:24', 34),
(211, 'Dorothea Kris PhD', 'Illum libero ratione distinctio pariatur dolorem placeat earum. Asperiores illum error omnis dolores. Aut hic consequatur fugiat facere. Aut quia dolorem dignissimos quisquam et numquam saepe. Saepe asperiores ex autem nam mollitia molestiae quaerat ut.', 1, '2018-06-07 12:14:24', '2018-06-07 12:14:24', 45),
(212, 'Hazle Lang', 'Optio minima id quo dolorum perferendis nesciunt ut. Ad dicta et consequuntur veniam in. Fuga quo consectetur et eligendi.', 5, '2018-06-07 12:14:24', '2018-06-07 12:14:24', 4),
(213, 'Dr. Danial McKenzie', 'Neque consequatur animi voluptatem et quia laudantium. Ut quis earum temporibus odit dolores doloremque consequatur esse. Quia nihil commodi animi. Ducimus quod iste enim ex et. Vitae ut voluptas debitis dicta.', 3, '2018-06-07 12:14:24', '2018-06-07 12:14:24', 31),
(214, 'Dr. Liam McDermott', 'Inventore aut voluptatibus explicabo explicabo. Eaque dolores enim voluptas debitis laboriosam libero et distinctio. Ut dignissimos quo eos soluta enim id. Adipisci impedit placeat vitae itaque incidunt nihil non.', 2, '2018-06-07 12:14:24', '2018-06-07 12:14:24', 14),
(215, 'Dr. Marvin Halvorson', 'Provident natus vero dolor necessitatibus nesciunt. Nulla voluptatum inventore molestiae nesciunt sint. Ducimus veritatis quaerat veritatis est iure sit quisquam. Harum ipsum porro inventore suscipit et.', 1, '2018-06-07 12:14:24', '2018-06-07 12:14:24', 12),
(216, 'Yasmin Thompson', 'Repellendus dolorem at quae et in sunt ratione. Ullam temporibus dicta alias doloribus sed.', 2, '2018-06-07 12:14:24', '2018-06-07 12:14:24', 45),
(217, 'Keira Bayer', 'Velit quo sit qui ut esse rerum. Omnis et voluptatem aliquid consectetur. Mollitia qui voluptas aspernatur omnis et porro autem.', 4, '2018-06-07 12:14:24', '2018-06-07 12:14:24', 8),
(218, 'Hubert Stoltenberg', 'Consequatur nisi totam quis corrupti. Aut iste aliquam voluptatem eum nobis quia rerum dolorem. Aperiam et esse aut ut.', 2, '2018-06-07 12:14:24', '2018-06-07 12:14:24', 7),
(219, 'Joanne D\'Amore', 'Quibusdam sit voluptas aut voluptates. Atque officiis voluptatem vero facilis pariatur. Aliquid dolor aut laudantium corrupti. Impedit enim maxime debitis ducimus.', 2, '2018-06-07 12:14:24', '2018-06-07 12:14:24', 6),
(220, 'Miss Shana Wilkinson', 'Vitae saepe ut nihil repellendus eligendi. Non libero eos consequatur quod odit et. Facilis hic sequi at ut dolorem sapiente.', 1, '2018-06-07 12:14:24', '2018-06-07 12:14:24', 31),
(221, 'Miss Berenice Bahringer Sr.', 'Quis beatae quo magnam distinctio sed. Necessitatibus qui voluptatem ut nostrum accusantium sit. Consequuntur ut culpa veniam inventore pariatur.', 1, '2018-06-07 12:14:24', '2018-06-07 12:14:24', 44),
(222, 'Charles Bernier', 'Dolor vel laudantium tenetur explicabo consequatur. Aut et nesciunt aperiam sed autem magni omnis. Necessitatibus quas similique occaecati molestias et iste et.', 5, '2018-06-07 12:14:24', '2018-06-07 12:14:24', 34),
(223, 'Ms. Zola Treutel V', 'Facilis alias est id officia voluptas rem voluptates. Aliquam nobis corporis laboriosam et ut. Aperiam quidem fugiat vel ut voluptas rerum.', 4, '2018-06-07 12:14:24', '2018-06-07 12:14:24', 40),
(224, 'Keith Christiansen', 'Hic repudiandae voluptates asperiores. Est natus ullam qui rem aut. Omnis debitis vero nobis fugit.', 2, '2018-06-07 12:14:24', '2018-06-07 12:14:24', 16),
(225, 'Favian Okuneva', 'Qui iure officia molestias. Et a quis temporibus blanditiis molestiae. Voluptatem laboriosam cupiditate sint iusto molestiae animi.', 5, '2018-06-07 12:14:24', '2018-06-07 12:14:24', 46),
(226, 'Josh Stroman', 'Eum aspernatur qui omnis est adipisci exercitationem. Ut sint necessitatibus pariatur autem. Sit sed beatae et eum possimus occaecati.', 3, '2018-06-07 12:14:24', '2018-06-07 12:14:24', 19),
(227, 'Burnice Bradtke', 'Sed et non sequi officiis qui consequatur commodi. Voluptas reiciendis cupiditate quo voluptatem et. Ut sunt reprehenderit quisquam iste ut molestiae omnis est. Architecto molestiae beatae repellendus rem nesciunt necessitatibus. Dolores eveniet iusto et repudiandae nam.', 3, '2018-06-07 12:14:24', '2018-06-07 12:14:24', 12),
(228, 'Katheryn Kris MD', 'Nobis non qui veritatis ut alias vitae reiciendis. Eaque dolor velit alias qui. Iste recusandae quam consequatur repellat eius enim non. Harum perspiciatis et cupiditate. Consequatur veniam dolore dolore totam officiis.', 4, '2018-06-07 12:14:24', '2018-06-07 12:14:24', 19),
(229, 'Ansel Beahan', 'Harum excepturi ut eos ex suscipit optio eum. Consequatur ut doloremque consequatur mollitia. Vel et facere veritatis voluptatem sapiente recusandae enim iure.', 1, '2018-06-07 12:14:24', '2018-06-07 12:14:24', 48),
(230, 'Kathryne Kling', 'In odit possimus sed in. Sed amet incidunt sint et. Maiores dolores voluptas nostrum laboriosam soluta officia.', 4, '2018-06-07 12:14:24', '2018-06-07 12:14:24', 36),
(231, 'Rhianna Hand III', 'Nihil neque consectetur et. Hic quis iste modi ducimus suscipit magnam non itaque. Harum vero et est veniam eum.', 2, '2018-06-07 12:14:24', '2018-06-07 12:14:24', 3),
(232, 'Dr. Wava Pacocha', 'Blanditiis quod consequatur animi neque eos culpa. Sed voluptate quia numquam porro. Explicabo aut totam praesentium vel nostrum. Velit provident perferendis rerum sit dolor autem.', 2, '2018-06-07 12:14:24', '2018-06-07 12:14:24', 9),
(233, 'Lempi Howell', 'Temporibus odio aut recusandae occaecati cum velit commodi. Corporis possimus nostrum quae quibusdam labore est. Fugit quod molestiae iure asperiores officia omnis. Omnis perferendis illum sequi fugiat omnis.', 4, '2018-06-07 12:14:24', '2018-06-07 12:14:24', 36),
(234, 'Yesenia Walter', 'Laboriosam necessitatibus perferendis veritatis nesciunt voluptates unde. Adipisci doloribus et inventore enim quia et totam. Suscipit qui dolor sint et accusamus tempora. Eligendi porro non autem libero et aperiam voluptatem vel.', 4, '2018-06-07 12:14:24', '2018-06-07 12:14:24', 4),
(235, 'Kara Nolan', 'Id tenetur non quisquam qui. Vitae facere aut eum iure. Deleniti quidem fuga magni quae architecto dolorem.', 1, '2018-06-07 12:14:24', '2018-06-07 12:14:24', 18),
(236, 'Prof. Abigail Hand', 'Vel ut minus fuga adipisci officia similique. Iusto sunt dolor ipsa odio voluptas. Sed sequi velit et aspernatur qui.', 3, '2018-06-07 12:14:24', '2018-06-07 12:14:24', 27),
(237, 'Cordelia Bechtelar', 'Et optio autem officia praesentium cumque facilis. Reprehenderit consectetur tempore est error impedit. Sunt nulla vel aliquam quis reprehenderit deleniti.', 3, '2018-06-07 12:14:25', '2018-06-07 12:14:25', 8),
(238, 'Ignacio Christiansen', 'Maiores sed in repellendus neque omnis dolorem et. Quis rem veritatis doloribus laudantium et quasi corporis. Quo facere possimus minus omnis.', 3, '2018-06-07 12:14:25', '2018-06-07 12:14:25', 6),
(239, 'Mr. Tobin Haley', 'Quae consequuntur dolores vero. Molestiae mollitia eos eos at iusto optio quis magni. Voluptatem et architecto animi eos ullam sequi laboriosam. Et ut non ducimus. Sit eligendi sit nemo fuga odit sit.', 3, '2018-06-07 12:14:25', '2018-06-07 12:14:25', 46),
(240, 'Coby Mills', 'At voluptatibus magnam voluptatum qui. Nulla eos nemo cum perspiciatis nisi aut. Ea veniam sit aut doloremque voluptas sit. Quis inventore numquam dolor minus enim voluptate. Dolores in facere rerum accusamus hic.', 1, '2018-06-07 12:14:25', '2018-06-07 12:14:25', 23),
(241, 'Kale Wintheiser', 'Vel ut commodi voluptate est omnis dolores commodi. Provident sint eius illum quis incidunt. Iste ea quae odio eos necessitatibus minima non.', 5, '2018-06-07 12:14:25', '2018-06-07 12:14:25', 41),
(242, 'Dr. Devante Torp', 'Aut dolore neque voluptates expedita esse. Minima a quas omnis sunt.', 1, '2018-06-07 12:14:25', '2018-06-07 12:14:25', 44),
(243, 'Dr. Nicholaus Mayer', 'Eius sunt ab molestiae quas temporibus. Accusantium sapiente at quos aut. A et quasi vitae enim eaque error.', 2, '2018-06-07 12:14:25', '2018-06-07 12:14:25', 48),
(244, 'Mr. Jermey Bernier', 'Enim ut voluptas et delectus ea quos. Nihil omnis amet dolorem et sit dolores est. Sint quidem quae quae assumenda quas unde iure temporibus.', 2, '2018-06-07 12:14:25', '2018-06-07 12:14:25', 40),
(245, 'Clara Ankunding', 'Possimus adipisci sed rerum ducimus commodi pariatur. Quos id maxime eum velit facilis enim amet. Ducimus esse suscipit et voluptatum molestiae sed. Cumque impedit deserunt delectus provident suscipit illum et qui. Ea amet impedit ipsam laboriosam dignissimos dicta saepe.', 3, '2018-06-07 12:14:25', '2018-06-07 12:14:25', 34),
(246, 'Kitty Kautzer Sr.', 'Eum aperiam rem hic non sed illo animi. Aut nulla nobis voluptas quis. Asperiores et qui enim aspernatur voluptatem quibusdam. Iusto hic quos voluptate et eum corporis.', 3, '2018-06-07 12:14:25', '2018-06-07 12:14:25', 48),
(247, 'Miss Kirstin Gislason', 'Rerum fuga qui architecto ea. Illo tempore pariatur suscipit ad repellendus itaque animi accusamus. Exercitationem molestiae qui asperiores dolor vel veniam.', 1, '2018-06-07 12:14:25', '2018-06-07 12:14:25', 24),
(248, 'Dr. Dolores Kutch', 'Et et nesciunt autem voluptatum numquam eum provident. Accusantium ut porro aut cumque consequatur. Maxime aspernatur ad accusamus consequatur maiores rem.', 4, '2018-06-07 12:14:25', '2018-06-07 12:14:25', 19),
(249, 'Camilla Spinka', 'Cupiditate sed ex deleniti. Dolor molestiae accusamus sit ab impedit aperiam corrupti. Odio quibusdam sint sit ad et aut officiis nostrum.', 5, '2018-06-07 12:14:25', '2018-06-07 12:14:25', 38),
(250, 'Liliane Wyman Sr.', 'Est praesentium quis suscipit eius. Consectetur veniam ea dolores qui cum. Vero corrupti est quam error qui neque. Placeat eius dolorum non est ea dicta.', 3, '2018-06-07 12:14:25', '2018-06-07 12:14:25', 16),
(251, 'Mr. Ayden Tromp', 'Et ad laborum est. Et sunt et quas veniam. Suscipit enim quia ea sit quia itaque.', 3, '2018-06-07 12:14:25', '2018-06-07 12:14:25', 8),
(252, 'Grayce Hoeger', 'Explicabo libero id optio veritatis. Vel quia architecto error. Maiores sed illum ab in.', 1, '2018-06-07 12:14:25', '2018-06-07 12:14:25', 33),
(253, 'Hector Kiehn V', 'Explicabo quae ut aperiam ratione recusandae repellendus. Sed quam non libero recusandae quo aut dolorum non. Aut aut porro laudantium aspernatur. Reprehenderit et nostrum tempore et tempore eius tempore.', 2, '2018-06-07 12:14:25', '2018-06-07 12:14:25', 1),
(254, 'Dr. Kaia Walter', 'Aliquid culpa commodi et quia. Corporis natus officiis porro nostrum.', 5, '2018-06-07 12:14:25', '2018-06-07 12:14:25', 22),
(255, 'Noelia Bartell', 'Earum officiis sit ex voluptatem eaque magni id. Qui ut et ea in hic dolor quia dolor. Ea quis reprehenderit consequatur et earum hic eum non. Voluptas occaecati est et officia aut consequatur iste.', 3, '2018-06-07 12:14:25', '2018-06-07 12:14:25', 4),
(256, 'Wava Anderson', 'Aspernatur a in sequi optio laborum. Saepe voluptas autem occaecati. Ut error nulla voluptate at nostrum. Consequatur voluptas voluptate ea dicta eum alias.', 2, '2018-06-07 12:14:25', '2018-06-07 12:14:25', 16),
(257, 'Rocio Corkery', 'Alias qui qui ullam modi provident velit. Explicabo amet eum laborum sit beatae laudantium. Perspiciatis velit iure adipisci. Nobis qui quod illum.', 5, '2018-06-07 12:14:25', '2018-06-07 12:14:25', 28),
(258, 'Keeley Kiehn', 'Pariatur excepturi doloribus accusantium debitis velit maiores qui at. Laboriosam error vel quis vel animi voluptatem nostrum. Dicta omnis autem hic ad et. Alias culpa nihil praesentium. Ut numquam nemo saepe.', 1, '2018-06-07 12:14:25', '2018-06-07 12:14:25', 34),
(259, 'Ms. Mona Hermiston', 'Officiis aut repellat aperiam rerum deleniti natus voluptatem rem. Officiis dolor exercitationem ipsum et. Quaerat recusandae aliquid hic vel. Deleniti unde consectetur rerum totam facere minus.', 2, '2018-06-07 12:14:25', '2018-06-07 12:14:25', 22),
(260, 'Gabrielle Douglas IV', 'Consequatur iste corrupti ad. Vitae distinctio ab eos quia aspernatur odit. Voluptatum dolorum non illo sint aut aperiam commodi.', 5, '2018-06-07 12:14:25', '2018-06-07 12:14:25', 8),
(261, 'Emil Smitham', 'Odit eos consequuntur quidem nihil eos. Id voluptate explicabo vel et sit. Vitae ipsum quaerat sit dignissimos et nesciunt.', 2, '2018-06-07 12:14:25', '2018-06-07 12:14:25', 34),
(262, 'Cassie Baumbach', 'Quisquam dolores sapiente consequatur non. Sit nihil corporis quis et sed est laboriosam quia. Ut dicta fuga dolorem autem. Et id unde ad aut fugit.', 1, '2018-06-07 12:14:25', '2018-06-07 12:14:25', 11),
(263, 'Jaeden Lebsack', 'Aut voluptates sed aut voluptate quae rem corrupti. Voluptatem harum eveniet et consequuntur nisi eum. Quas repellendus aliquam rerum vitae vitae dolore enim. Alias odio eveniet corporis rem quis repellat.', 4, '2018-06-07 12:14:25', '2018-06-07 12:14:25', 26),
(264, 'Raymond Volkman', 'Reiciendis quaerat debitis ipsam. Expedita provident reprehenderit fugit minima dolorem eaque mollitia. Excepturi iure sit rem error. Consequatur cumque officiis sint ipsum laudantium voluptatem dolorum vero.', 5, '2018-06-07 12:14:25', '2018-06-07 12:14:25', 49),
(265, 'Teresa Rohan', 'Praesentium quo non omnis quis. In in ex dignissimos et sed dolorum quas. Voluptas officia nemo dolor.', 5, '2018-06-07 12:14:25', '2018-06-07 12:14:25', 29),
(266, 'Ignacio Hermiston DDS', 'Dolore explicabo soluta alias doloremque. Quia aspernatur voluptas et rem veritatis eos. Minima aspernatur dolores reiciendis libero voluptas dolor quo. Sed recusandae et voluptatibus recusandae quas omnis.', 4, '2018-06-07 12:14:25', '2018-06-07 12:14:25', 16),
(267, 'Eliseo Breitenberg', 'Consequuntur consectetur fugit architecto aut qui earum omnis blanditiis. Non rerum numquam animi hic soluta. Quidem voluptatem soluta consequatur labore. Odit dolores labore vel ex.', 4, '2018-06-07 12:14:25', '2018-06-07 12:14:25', 17),
(268, 'Mr. Zane Bosco', 'Repudiandae ut nihil sit tenetur. Quisquam voluptatem animi est velit dolores consequuntur aut. At culpa ut totam. Ut est reprehenderit hic harum laudantium.', 5, '2018-06-07 12:14:25', '2018-06-07 12:14:25', 42),
(269, 'Hudson Rice III', 'Omnis magni dolor eveniet et sunt. Libero dicta possimus asperiores quam eius hic vel. Quasi assumenda repellat vitae numquam aut. Inventore qui aspernatur maxime et asperiores ut.', 5, '2018-06-07 12:14:25', '2018-06-07 12:14:25', 19),
(270, 'Phyllis Parisian', 'Id expedita fugit eos nostrum vero labore. Cum laborum quaerat minima accusamus ipsum suscipit magni. Voluptatem voluptatem rem rem voluptate facere dolore non. Doloribus iusto assumenda harum tenetur rerum hic.', 5, '2018-06-07 12:14:25', '2018-06-07 12:14:25', 44),
(271, 'Margarett Gerlach Jr.', 'Voluptatem id reprehenderit eum aut dicta amet tempora. Nihil vel eum non aperiam ab. Dicta aliquam hic aperiam. Maiores debitis odit maxime deleniti molestias reprehenderit aut.', 4, '2018-06-07 12:14:25', '2018-06-07 12:14:25', 42),
(272, 'Prof. Flavio Koelpin IV', 'Quos sunt iste voluptatem dicta ipsa in reprehenderit libero. Repudiandae sed nihil rerum quos incidunt. Et voluptate accusamus sunt sapiente vero eius. Corporis cum quo in odit.', 1, '2018-06-07 12:14:26', '2018-06-07 12:14:26', 44),
(273, 'Prof. Isabell Rippin', 'Voluptatem necessitatibus voluptatibus qui. Velit exercitationem hic et ut neque sed. Est voluptatibus non non aut libero aut. Atque praesentium est quisquam autem maiores.', 3, '2018-06-07 12:14:26', '2018-06-07 12:14:26', 27),
(274, 'Oswaldo Bednar', 'Ut voluptas quam commodi. Minus non ut sint libero rerum iste vel. Maxime voluptatum atque quidem aut at. Ratione odit laborum repudiandae quis nihil non commodi. Adipisci nihil assumenda sed tempora numquam laboriosam est.', 1, '2018-06-07 12:14:26', '2018-06-07 12:14:26', 16),
(275, 'Eino Durgan', 'Error at voluptatibus incidunt eaque. Hic dolorem illum deleniti doloremque rerum. Aliquam voluptates pariatur neque beatae. Quod earum expedita aspernatur amet molestiae.', 5, '2018-06-07 12:14:26', '2018-06-07 12:14:26', 4),
(276, 'Misty Wiza', 'Magni ut enim nihil iste iste fugit occaecati. Eligendi eum id dignissimos alias voluptatem. Soluta suscipit a voluptatem aperiam repudiandae aut odio.', 2, '2018-06-07 12:14:26', '2018-06-07 12:14:26', 36),
(277, 'Aurelia Feest', 'Nihil corporis eius explicabo perspiciatis eligendi. Fuga aut non doloribus laboriosam reprehenderit. Id natus vel omnis consectetur nihil.', 1, '2018-06-07 12:14:26', '2018-06-07 12:14:26', 13),
(278, 'Jarred Reinger DVM', 'A sapiente rerum aut quo fuga. Dolorum pariatur ut consequatur nulla. Quae suscipit dolorum quia. Ex ut beatae a corporis ipsum veniam et rerum.', 5, '2018-06-07 12:14:26', '2018-06-07 12:14:26', 9),
(279, 'Taurean Feest Jr.', 'Rerum odio fugiat et unde. Rerum in qui earum ex porro ea doloribus.', 1, '2018-06-07 12:14:26', '2018-06-07 12:14:26', 45),
(280, 'Jade Miller', 'Ipsa quae eius explicabo dolores. Rerum illum qui vitae illum ut fugiat. Harum deleniti enim non nisi debitis aut illum.', 2, '2018-06-07 12:14:26', '2018-06-07 12:14:26', 14),
(281, 'Nicolette Stroman', 'Quasi qui enim laudantium. Ut ex illum quos quibusdam aut accusamus enim. Eos amet sunt neque dolores unde quos nihil.', 2, '2018-06-07 12:14:26', '2018-06-07 12:14:26', 27),
(282, 'Keegan Greenholt', 'Dolores facilis deserunt officiis quo voluptas officia. Perferendis ea qui quam deleniti. Eum pariatur tenetur perferendis vel similique sit possimus.', 4, '2018-06-07 12:14:26', '2018-06-07 12:14:26', 19),
(283, 'Mr. Ramon Block', 'Recusandae magni enim et aut magni magni. Et praesentium quaerat et dolorem. Non est cupiditate provident veniam voluptas voluptatem.', 4, '2018-06-07 12:14:26', '2018-06-07 12:14:26', 43),
(284, 'Mr. Dangelo DuBuque MD', 'Quo minus officiis molestiae atque fuga praesentium consectetur. Quia libero excepturi qui expedita maxime ut. Ut laboriosam dicta est tempora debitis iure.', 4, '2018-06-07 12:14:26', '2018-06-07 12:14:26', 34),
(285, 'Prof. Lon Donnelly Jr.', 'Consectetur sint officiis et ea ex et unde. Iure non dolorum ratione doloremque veritatis.', 4, '2018-06-07 12:14:26', '2018-06-07 12:14:26', 45),
(286, 'Jacky Rodriguez', 'Est numquam enim repudiandae ratione quidem laboriosam. Ipsa accusantium debitis incidunt quisquam. Ut non aut unde error.', 1, '2018-06-07 12:14:26', '2018-06-07 12:14:26', 25),
(287, 'Mr. Terrence Rosenbaum', 'Ullam voluptates nam ut consequatur. Magnam eaque ut commodi nostrum quis omnis. Iure hic minus inventore culpa sit omnis. Qui et ut qui deserunt inventore et.', 1, '2018-06-07 12:14:26', '2018-06-07 12:14:26', 36),
(288, 'Miss Tressa Stokes', 'Ut natus et vero quis. Et non harum molestiae officia temporibus. Exercitationem rerum velit ut consectetur. Dolor eos accusamus quas aut natus.', 3, '2018-06-07 12:14:26', '2018-06-07 12:14:26', 35),
(289, 'Adam Frami', 'Illo et nobis esse doloribus odit quia reprehenderit. Nam aliquid alias consequatur velit. Quis non iste quod ut dicta. Aut animi aut odit aut suscipit ut cupiditate.', 5, '2018-06-07 12:14:26', '2018-06-07 12:14:26', 25),
(290, 'Prof. Pete Lesch DDS', 'Corrupti omnis expedita ut sed. Quis pariatur rerum eos eligendi. Sit aut illum dolor iusto ratione quis facere. Recusandae eaque et deserunt ducimus ullam. Quibusdam deserunt iusto dolorem omnis rerum.', 3, '2018-06-07 12:14:26', '2018-06-07 12:14:26', 32),
(291, 'Sonny Spencer', 'Quas voluptatibus ea rerum ullam provident necessitatibus facilis possimus. Porro libero quasi consequuntur velit vel in. Commodi inventore praesentium provident animi veniam rem. Alias saepe voluptatem possimus modi molestiae excepturi ea aliquid.', 2, '2018-06-07 12:14:26', '2018-06-07 12:14:26', 50),
(292, 'Verdie Brekke', 'Vero velit voluptatibus iste ad. Et omnis harum fugiat nisi. Est placeat consequatur nihil quia. Sint nulla repudiandae magnam nulla. Et iure veniam quaerat quia totam.', 1, '2018-06-07 12:14:26', '2018-06-07 12:14:26', 17),
(293, 'Lawson Abshire', 'Aperiam iure natus et nemo aut. Quia velit qui voluptas est voluptate. Tempore iste ratione aut quis et voluptas.', 1, '2018-06-07 12:14:26', '2018-06-07 12:14:26', 12),
(294, 'Ms. Verna Koss', 'Ut nam nihil quia perferendis. Rem ipsam tempore ut asperiores assumenda voluptatem. Eos omnis tempora quibusdam repudiandae nihil molestiae saepe.', 3, '2018-06-07 12:14:26', '2018-06-07 12:14:26', 49),
(295, 'Matilde Schuppe', 'Culpa nostrum ullam nemo ipsa velit. Nostrum numquam consequatur vel totam nemo voluptas quia. Fuga exercitationem laborum quisquam voluptate saepe et et. Magni porro labore soluta.', 3, '2018-06-07 12:14:26', '2018-06-07 12:14:26', 12),
(296, 'Lavern Mueller', 'Ipsa et unde voluptatum id nulla accusamus. Id tempora voluptates quo qui sit officia et est. Mollitia ab consequatur iste nam sint nihil atque. Quaerat iure dolores perferendis qui dolorem culpa. Beatae consequatur excepturi eos eaque omnis molestiae aut.', 1, '2018-06-07 12:14:26', '2018-06-07 12:14:26', 26),
(297, 'Prof. Candice Little III', 'Illo modi et odit. Laudantium ipsa itaque fugit rem quae veniam.', 5, '2018-06-07 12:14:26', '2018-06-07 12:14:26', 7),
(298, 'Dr. Corine Auer IV', 'Necessitatibus quia quo sed vel ut autem. Quas debitis quia eum qui dolor ipsa. Et esse a qui ea tenetur quis possimus libero. Omnis sed blanditiis itaque earum alias. Esse consequuntur numquam earum adipisci nulla doloribus voluptatem.', 5, '2018-06-07 12:14:26', '2018-06-07 12:14:26', 3),
(299, 'Hans Schultz', 'Et doloribus commodi aliquam omnis voluptatum voluptate. Mollitia nihil qui qui vitae amet et. Qui itaque ut corporis non.', 1, '2018-06-07 12:14:26', '2018-06-07 12:14:26', 47),
(300, 'Tracy Beatty', 'Repudiandae quis praesentium ab. Aut qui commodi et. Modi voluptatem non tempora quo voluptas molestiae id. Recusandae aut qui veritatis.', 2, '2018-06-07 12:14:26', '2018-06-07 12:14:26', 26);

-- --------------------------------------------------------

--
-- Table structure for table `users`
--

CREATE TABLE `users` (
  `id` int(10) UNSIGNED NOT NULL,
  `name` varchar(191) COLLATE utf8mb4_unicode_ci NOT NULL,
  `email` varchar(191) COLLATE utf8mb4_unicode_ci NOT NULL,
  `password` varchar(191) COLLATE utf8mb4_unicode_ci NOT NULL,
  `remember_token` varchar(100) COLLATE utf8mb4_unicode_ci DEFAULT NULL,
  `created_at` timestamp NULL DEFAULT NULL,
  `updated_at` timestamp NULL DEFAULT NULL
) ENGINE=InnoDB DEFAULT CHARSET=utf8mb4 COLLATE=utf8mb4_unicode_ci;

--
-- Indexes for dumped tables
--

--
-- Indexes for table `migrations`
--
ALTER TABLE `migrations`
  ADD PRIMARY KEY (`id`);

--
-- Indexes for table `password_resets`
--
ALTER TABLE `password_resets`
  ADD KEY `password_resets_email_index` (`email`);

--
-- Indexes for table `products`
--
ALTER TABLE `products`
  ADD PRIMARY KEY (`id`);

--
-- Indexes for table `reviews`
--
ALTER TABLE `reviews`
  ADD PRIMARY KEY (`id`);

--
-- Indexes for table `users`
--
ALTER TABLE `users`
  ADD PRIMARY KEY (`id`),
  ADD UNIQUE KEY `users_email_unique` (`email`);

--
-- AUTO_INCREMENT for dumped tables
--

--
-- AUTO_INCREMENT for table `migrations`
--
ALTER TABLE `migrations`
  MODIFY `id` int(10) UNSIGNED NOT NULL AUTO_INCREMENT, AUTO_INCREMENT=4;

--
-- AUTO_INCREMENT for table `products`
--
ALTER TABLE `products`
  MODIFY `id` int(10) UNSIGNED NOT NULL AUTO_INCREMENT, AUTO_INCREMENT=51;

--
-- AUTO_INCREMENT for table `reviews`
--
ALTER TABLE `reviews`
  MODIFY `id` int(10) UNSIGNED NOT NULL AUTO_INCREMENT, AUTO_INCREMENT=301;

--
-- AUTO_INCREMENT for table `users`
--
ALTER TABLE `users`
  MODIFY `id` int(10) UNSIGNED NOT NULL AUTO_INCREMENT;
COMMIT;

/*!40101 SET CHARACTER_SET_CLIENT=@OLD_CHARACTER_SET_CLIENT */;
/*!40101 SET CHARACTER_SET_RESULTS=@OLD_CHARACTER_SET_RESULTS */;
/*!40101 SET COLLATION_CONNECTION=@OLD_COLLATION_CONNECTION */;
